기준_년분기_코드,업종,상권_코드,남성_매출_건수,여성_매출_건수
20191,요식업,강남구,10104528,9811972
20191,요식업,강동구,6004876,5175984
20191,요식업,강북구,4372044,3739571
20191,요식업,강서구,6656721,5898168
20191,요식업,관악구,8937600,6994337
20191,요식업,광진구,6298142,5229256
20191,요식업,구로구,4798557,3955146
20191,요식업,금천구,3279379,2669406
20191,요식업,노원구,3719791,3064758
20191,요식업,도봉구,2525551,2228884
20191,요식업,동대문구,6517860,5387341
20191,요식업,동작구,6087567,5375429
20191,요식업,마포구,7510865,8034575
20191,요식업,서대문구,4836950,5166088
20191,요식업,서초구,4623805,4145579
20191,요식업,성동구,4310654,3172332
20191,요식업,성북구,6341745,6363922
20191,요식업,송파구,5928813,5153920
20191,요식업,양천구,3928575,3256888
20191,요식업,영등포구,6644988,5709844
20191,요식업,용산구,6355697,6320700
20191,요식업,은평구,5357001,4987661
20191,요식업,종로구,3986317,4500846
20191,요식업,중구,3399440,3303287
20191,요식업,중랑구,6194242,5258680
20191,서비스업,강남구,2214393,2024425
20191,서비스업,강동구,3631329,2830046
20191,서비스업,강북구,2407934,2263831
20191,서비스업,강서구,4087759,3529401
20191,서비스업,관악구,6008706,4217651
20191,서비스업,광진구,3063919,2720110
20191,서비스업,구로구,3189838,2763229
20191,서비스업,금천구,2620068,2137963
20191,서비스업,노원구,1949422,1511376
20191,서비스업,도봉구,1796856,1788793
20191,서비스업,동대문구,2814504,1913670
20191,서비스업,동작구,3153115,2758765
20191,서비스업,마포구,2087217,2311916
20191,서비스업,서대문구,1767995,1668725
20191,서비스업,서초구,1649542,1404838
20191,서비스업,성동구,4261732,1865155
20191,서비스업,성북구,3819007,3537807
20191,서비스업,송파구,3443535,2744460
20191,서비스업,양천구,2310059,2134118
20191,서비스업,영등포구,2540741,2040808
20191,서비스업,용산구,1265974,1272380
20191,서비스업,은평구,3601030,2897857
20191,서비스업,종로구,831970,599585
20191,서비스업,중구,834586,748027
20191,서비스업,중랑구,4064555,3417650
20191,판매업,강남구,18706548,18118933
20191,판매업,강동구,11427259,10941204
20191,판매업,강북구,10181335,10048092
20191,판매업,강서구,15986729,15587405
20191,판매업,관악구,19362203,17859390
20191,판매업,광진구,13951087,12237183
20191,판매업,구로구,12051368,10186591
20191,판매업,금천구,10866036,10478773
20191,판매업,노원구,6053235,5488481
20191,판매업,도봉구,7370252,6687212
20191,판매업,동대문구,15690687,13330598
20191,판매업,동작구,11611253,11267689
20191,판매업,마포구,13879321,15925011
20191,판매업,서대문구,8700991,8930793
20191,판매업,서초구,6741661,6493011
20191,판매업,성동구,17129116,20169515
20191,판매업,성북구,10562818,10327557
20191,판매업,송파구,12567501,11223663
20191,판매업,양천구,7924668,7074948
20191,판매업,영등포구,18681608,16844513
20191,판매업,용산구,10964108,9761107
20191,판매업,은평구,12738968,12977900
20191,판매업,종로구,7111400,6425279
20191,판매업,중구,5708701,5454409
20191,판매업,중랑구,14353278,14560713
20192,요식업,강남구,10934059,10571100
20192,요식업,강동구,6585747,5819075
20192,요식업,강북구,4796301,4270940
20192,요식업,강서구,7406063,6725959
20192,요식업,관악구,9849140,7864441
20192,요식업,광진구,7242640,6179897
20192,요식업,구로구,5234590,4364765
20192,요식업,금천구,3523013,2940985
20192,요식업,노원구,4264367,3657412
20192,요식업,도봉구,2765899,2551428
20192,요식업,동대문구,7700046,6778856
20192,요식업,동작구,6913466,6344274
20192,요식업,마포구,8330815,9205338
20192,요식업,서대문구,5630558,6361056
20192,요식업,서초구,5054461,4746104
20192,요식업,성동구,4921406,3885329
20192,요식업,성북구,7446335,8186708
20192,요식업,송파구,6654355,5906204
20192,요식업,양천구,4295812,3676828
20192,요식업,영등포구,7324456,6386884
20192,요식업,용산구,7011773,7697698
20192,요식업,은평구,5833655,5745019
20192,요식업,종로구,4469622,5246993
20192,요식업,중구,3762163,3847103
20192,요식업,중랑구,6756137,6014593
20192,서비스업,강남구,2383719,2194426
20192,서비스업,강동구,3839137,3012086
20192,서비스업,강북구,2589196,2585004
20192,서비스업,강서구,4418529,3933995
20192,서비스업,관악구,6321164,4565971
20192,서비스업,광진구,3445325,3078235
20192,서비스업,구로구,3492522,3119482
20192,서비스업,금천구,2699392,2339982
20192,서비스업,노원구,2121568,1676821
20192,서비스업,도봉구,1942091,1993468
20192,서비스업,동대문구,3112418,2140916
20192,서비스업,동작구,3460856,3082245
20192,서비스업,마포구,2276163,2645298
20192,서비스업,서대문구,1968960,1893519
20192,서비스업,서초구,1810679,1617733
20192,서비스업,성동구,4532833,2039695
20192,서비스업,성북구,4376887,4147564
20192,서비스업,송파구,3897698,3195059
20192,서비스업,양천구,2554573,2383079
20192,서비스업,영등포구,2892605,2316705
20192,서비스업,용산구,1397271,1474250
20192,서비스업,은평구,3741991,3181754
20192,서비스업,종로구,916246,704094
20192,서비스업,중구,903326,849509
20192,서비스업,중랑구,4379653,3901636
20192,판매업,강남구,20508755,19813477
20192,판매업,강동구,12861195,12245359
20192,판매업,강북구,11609631,11481285
20192,판매업,강서구,18156387,17485397
20192,판매업,관악구,22054054,20513357
20192,판매업,광진구,16386122,14326149
20192,판매업,구로구,13796016,11859604
20192,판매업,금천구,11360739,10838108
20192,판매업,노원구,6892541,6247923
20192,판매업,도봉구,8162950,7476949
20192,판매업,동대문구,18266757,15664457
20192,판매업,동작구,13024223,12715819
20192,판매업,마포구,16252881,18650340
20192,판매업,서대문구,10181279,10520084
20192,판매업,서초구,7426526,7311933
20192,판매업,성동구,25519970,33968492
20192,판매업,성북구,12530438,12588241
20192,판매업,송파구,15470210,14618085
20192,판매업,양천구,8997920,8034806
20192,판매업,영등포구,20780730,18358091
20192,판매업,용산구,12236707,11240890
20192,판매업,은평구,14384978,14459106
20192,판매업,종로구,8103610,7544753
20192,판매업,중구,6450454,6287199
20192,판매업,중랑구,15957025,16204225
20193,요식업,강남구,11423766,11049301
20193,요식업,강동구,7091940,6169958
20193,요식업,강북구,4944654,4326705
20193,요식업,강서구,7921927,7197656
20193,요식업,관악구,10149935,8146974
20193,요식업,광진구,7167466,6029537
20193,요식업,구로구,5361161,4373255
20193,요식업,금천구,3667496,3018063
20193,요식업,노원구,4347369,3660447
20193,요식업,도봉구,2886757,2579991
20193,요식업,동대문구,7435049,6342680
20193,요식업,동작구,6878901,6167487
20193,요식업,마포구,8428653,9227023
20193,요식업,서대문구,5497073,5911277
20193,요식업,서초구,5111268,4716036
20193,요식업,성동구,5014861,3909837
20193,요식업,성북구,7456264,7735992
20193,요식업,송파구,6796094,6004364
20193,요식업,양천구,4369432,3694569
20193,요식업,영등포구,7763978,6683465
20193,요식업,용산구,7327923,7285114
20193,요식업,은평구,6178192,5955447
20193,요식업,종로구,4406421,5133169
20193,요식업,중구,3676826,3578408
20193,요식업,중랑구,7081769,6097388
20193,서비스업,강남구,2469657,2263319
20193,서비스업,강동구,4008340,2915805
20193,서비스업,강북구,2829575,2516319
20193,서비스업,강서구,4343771,3756710
20193,서비스업,관악구,6619955,4371050
20193,서비스업,광진구,3334451,2934155
20193,서비스업,구로구,3554910,2973466
20193,서비스업,금천구,2781491,2199955
20193,서비스업,노원구,2049487,1559418
20193,서비스업,도봉구,1872676,1888888
20193,서비스업,동대문구,3180372,2080234
20193,서비스업,동작구,3492448,2919888
20193,서비스업,마포구,2242809,2507986
20193,서비스업,서대문구,1911590,1783428
20193,서비스업,서초구,1734860,1519590
20193,서비스업,성동구,4548870,1946772
20193,서비스업,성북구,4305932,3879089
20193,서비스업,송파구,4016518,3007808
20193,서비스업,양천구,2563025,2235280
20193,서비스업,영등포구,2783110,2176022
20193,서비스업,용산구,1422597,1413945
20193,서비스업,은평구,3701141,3020795
20193,서비스업,종로구,918561,681560
20193,서비스업,중구,917776,817152
20193,서비스업,중랑구,4832597,3897151
20193,판매업,강남구,21946969,20684063
20193,판매업,강동구,13742020,12774085
20193,판매업,강북구,12165947,11410547
20193,판매업,강서구,19416198,17869923
20193,판매업,관악구,22364507,20157544
20193,판매업,광진구,16708113,14238495
20193,판매업,구로구,14257225,11892700
20193,판매업,금천구,12332464,11437262
20193,판매업,노원구,6871776,5992101
20193,판매업,도봉구,8584728,7825563
20193,판매업,동대문구,17968725,15271745
20193,판매업,동작구,13271956,12738083
20193,판매업,마포구,16628080,18774194
20193,판매업,서대문구,10118593,9947146
20193,판매업,서초구,7642754,7190181
20193,판매업,성동구,23185669,29903847
20193,판매업,성북구,12807633,11891651
20193,판매업,송파구,15441489,13925708
20193,판매업,양천구,9492514,8313778
20193,판매업,영등포구,21816057,19104756
20193,판매업,용산구,12969921,11390174
20193,판매업,은평구,15015177,14538574
20193,판매업,종로구,8354419,7543407
20193,판매업,중구,6522171,6140733
20193,판매업,중랑구,16647489,16600123
20194,요식업,강남구,11580338,10955341
20194,요식업,강동구,7428086,6275531
20194,요식업,강북구,5076510,4459047
20194,요식업,강서구,8258815,7415278
20194,요식업,관악구,10574608,8538477
20194,요식업,광진구,7802355,6658119
20194,요식업,구로구,5447408,4447334
20194,요식업,금천구,3697116,2995425
20194,요식업,노원구,4727377,3991100
20194,요식업,도봉구,2954824,2680532
20194,요식업,동대문구,8132620,7112983
20194,요식업,동작구,7346487,6612679
20194,요식업,마포구,8798951,10007632
20194,요식업,서대문구,5835026,6479711
20194,요식업,서초구,5355819,4930347
20194,요식업,성동구,5204405,4145132
20194,요식업,성북구,8204465,8871733
20194,요식업,송파구,7030270,6028711
20194,요식업,양천구,4401962,3700080
20194,요식업,영등포구,7925506,6671518
20194,요식업,용산구,7667598,8184076
20194,요식업,은평구,6286040,5946219
20194,요식업,종로구,4656626,5368875
20194,요식업,중구,3951814,3856407
20194,요식업,중랑구,7240465,6197941
20194,서비스업,강남구,2509237,2336660
20194,서비스업,강동구,4158383,3103755
20194,서비스업,강북구,3007397,2794181
20194,서비스업,강서구,4799598,4240176
20194,서비스업,관악구,6956427,4729662
20194,서비스업,광진구,3935081,3393249
20194,서비스업,구로구,3935112,3380634
20194,서비스업,금천구,2875728,2486699
20194,서비스업,노원구,2234165,1824137
20194,서비스업,도봉구,2090122,2119344
20194,서비스업,동대문구,3381893,2266581
20194,서비스업,동작구,3781902,3314322
20194,서비스업,마포구,2643392,2871965
20194,서비스업,서대문구,2095931,2025154
20194,서비스업,서초구,1934572,1690540
20194,서비스업,성동구,4942870,2110319
20194,서비스업,성북구,4716269,4473789
20194,서비스업,송파구,4334855,3368570
20194,서비스업,양천구,2794664,2542431
20194,서비스업,영등포구,2885749,2484229
20194,서비스업,용산구,1584846,1626661
20194,서비스업,은평구,3899966,3295281
20194,서비스업,종로구,967667,766096
20194,서비스업,중구,991511,885932
20194,서비스업,중랑구,5367522,4320179
20194,판매업,강남구,21335208,19823493
20194,판매업,강동구,13749621,12822728
20194,판매업,강북구,12213843,11644969
20194,판매업,강서구,19387650,17916996
20194,판매업,관악구,21634938,19806823
20194,판매업,광진구,17030521,14813362
20194,판매업,구로구,14227705,12138821
20194,판매업,금천구,12210126,11607288
20194,판매업,노원구,6972930,6104064
20194,판매업,도봉구,8554082,7914282
20194,판매업,동대문구,18398257,15989918
20194,판매업,동작구,13569993,13063161
20194,판매업,마포구,16480936,20190209
20194,판매업,서대문구,10127798,10503970
20194,판매업,서초구,7514670,7053074
20194,판매업,성동구,26176334,32605068
20194,판매업,성북구,12996247,12803928
20194,판매업,송파구,15079642,13599392
20194,판매업,양천구,9728087,8593658
20194,판매업,영등포구,20931307,18345494
20194,판매업,용산구,12651937,11250991
20194,판매업,은평구,14846404,14568651
20194,판매업,종로구,8806958,8041947
20194,판매업,중구,6426725,6290533
20194,판매업,중랑구,16580175,16691004
20201,요식업,강남구,10863197,9812041
20201,요식업,강동구,7045457,5613182
20201,요식업,강북구,4812824,3976584
20201,요식업,강서구,7676777,6625192
20201,요식업,관악구,9854587,7546502
20201,요식업,광진구,6596386,5261441
20201,요식업,구로구,4948086,3885793
20201,요식업,금천구,3381543,2624953
20201,요식업,노원구,4045075,3263497
20201,요식업,도봉구,2804705,2342437
20201,요식업,동대문구,6760809,5307235
20201,요식업,동작구,6161951,5372509
20201,요식업,마포구,7946727,8389310
20201,요식업,서대문구,5081761,5125656
20201,요식업,서초구,4916413,4249087
20201,요식업,성동구,4758903,3471597
20201,요식업,성북구,6967945,6563803
20201,요식업,송파구,6569152,5462859
20201,요식업,양천구,4134143,3362592
20201,요식업,영등포구,7090747,5691779
20201,요식업,용산구,6632834,6075549
20201,요식업,은평구,5845508,5268017
20201,요식업,종로구,3786730,4054424
20201,요식업,중구,3426964,3109716
20201,요식업,중랑구,6702017,5573447
20201,서비스업,강남구,2180900,1936430
20201,서비스업,강동구,3848409,2633252
20201,서비스업,강북구,2927386,2331638
20201,서비스업,강서구,4462417,3556824
20201,서비스업,관악구,6446642,3992345
20201,서비스업,광진구,3601080,2797847
20201,서비스업,구로구,3438871,2680150
20201,서비스업,금천구,2546390,1973871
20201,서비스업,노원구,1932066,1422402
20201,서비스업,도봉구,1830805,1779843
20201,서비스업,동대문구,2949821,1882500
20201,서비스업,동작구,3544618,2756939
20201,서비스업,마포구,2301140,2304474
20201,서비스업,서대문구,1962867,1756879
20201,서비스업,서초구,1666673,1330412
20201,서비스업,성동구,4632338,1755738
20201,서비스업,성북구,4096704,3571762
20201,서비스업,송파구,3860995,2780447
20201,서비스업,양천구,2556876,2032123
20201,서비스업,영등포구,2494913,1960080
20201,서비스업,용산구,1520692,1309389
20201,서비스업,은평구,3646828,2834832
20201,서비스업,종로구,790844,566680
20201,서비스업,중구,869741,750291
20201,서비스업,중랑구,5147759,3730157
20201,판매업,강남구,20131385,18137648
20201,판매업,강동구,14186790,13156769
20201,판매업,강북구,12328563,11529806
20201,판매업,강서구,19247849,17956819
20201,판매업,관악구,21358639,18949983
20201,판매업,광진구,16497670,13994149
20201,판매업,구로구,14106377,11806679
20201,판매업,금천구,12969483,12227776
20201,판매업,노원구,6883297,6117882
20201,판매업,도봉구,8713880,7926442
20201,판매업,동대문구,17245306,14558792
20201,판매업,동작구,13439030,12906956
20201,판매업,마포구,15301458,16799236
20201,판매업,서대문구,9742864,9731891
20201,판매업,서초구,7357708,6785198
20201,판매업,성동구,18556537,20905643
20201,판매업,성북구,12428541,11529187
20201,판매업,송파구,14686238,12675715
20201,판매업,양천구,9797625,8495667
20201,판매업,영등포구,20443253,17601631
20201,판매업,용산구,11420268,10014270
20201,판매업,은평구,14984387,14583276
20201,판매업,종로구,7157359,6122019
20201,판매업,중구,6078174,5560112
20201,판매업,중랑구,16814742,16717399
20202,요식업,강남구,11758808,10558960
20202,요식업,강동구,7895085,5994558
20202,요식업,강북구,5628865,4374615
20202,요식업,강서구,8838225,7176864
20202,요식업,관악구,11118571,8237682
20202,요식업,광진구,7511592,5861537
20202,요식업,구로구,5697297,4229396
20202,요식업,금천구,3943240,2830800
20202,요식업,노원구,4827800,3560525
20202,요식업,도봉구,3415366,2588104
20202,요식업,동대문구,8037735,6027620
20202,요식업,동작구,7105464,5968059
20202,요식업,마포구,8989889,9109447
20202,요식업,서대문구,5871257,5536387
20202,요식업,서초구,5591606,4700960
20202,요식업,성동구,5523294,3952766
20202,요식업,성북구,8377079,7609532
20202,요식업,송파구,7766750,6061380
20202,요식업,양천구,4952947,3749430
20202,요식업,영등포구,8104729,6213242
20202,요식업,용산구,6307054,5741569
20202,요식업,은평구,6915374,5926255
20202,요식업,종로구,4473211,4717696
20202,요식업,중구,3875466,3388291
20202,요식업,중랑구,8005595,6176457
20202,서비스업,강남구,2202043,1922302
20202,서비스업,강동구,3823223,2536105
20202,서비스업,강북구,2983931,2198274
20202,서비스업,강서구,4584677,3318763
20202,서비스업,관악구,6257878,3796113
20202,서비스업,광진구,3571091,2609638
20202,서비스업,구로구,3263817,2385635
20202,서비스업,금천구,2486088,1833307
20202,서비스업,노원구,1907189,1237680
20202,서비스업,도봉구,1940715,1627155
20202,서비스업,동대문구,2787090,1734843
20202,서비스업,동작구,3434371,2514304
20202,서비스업,마포구,2355023,2172673
20202,서비스업,서대문구,1987875,1676501
20202,서비스업,서초구,1672032,1322885
20202,서비스업,성동구,4512144,1611075
20202,서비스업,성북구,4060733,3111751
20202,서비스업,송파구,3969680,2728273
20202,서비스업,양천구,2775620,1923126
20202,서비스업,영등포구,2556872,1837795
20202,서비스업,용산구,1404940,1169023
20202,서비스업,은평구,3756809,2724700
20202,서비스업,종로구,744357,532906
20202,서비스업,중구,860257,683161
20202,서비스업,중랑구,5180663,3464341
20202,판매업,강남구,22513975,19410743
20202,판매업,강동구,16923322,14076756
20202,판매업,강북구,15099764,12421121
20202,판매업,강서구,22900955,18932680
20202,판매업,관악구,24824966,19836548
20202,판매업,광진구,19998608,15578832
20202,판매업,구로구,16791045,12719491
20202,판매업,금천구,15200858,12231684
20202,판매업,노원구,8095486,6451212
20202,판매업,도봉구,10632117,8277244
20202,판매업,동대문구,22594386,17032176
20202,판매업,동작구,15416485,13429449
20202,판매업,마포구,17897050,18133320
20202,판매업,서대문구,11826045,10476722
20202,판매업,서초구,8544563,7330618
20202,판매업,성동구,24050517,30512116
20202,판매업,성북구,14765083,12243301
20202,판매업,송파구,18035287,14968098
20202,판매업,양천구,11603217,8892774
20202,판매업,영등포구,23224219,18231565
20202,판매업,용산구,11946997,9815869
20202,판매업,은평구,17811923,15575903
20202,판매업,종로구,9069877,7129768
20202,판매업,중구,7109428,5895943
20202,판매업,중랑구,20018979,17940833
20203,요식업,강남구,11515634,10496653
20203,요식업,강동구,7524744,5970983
20203,요식업,강북구,5320742,4344694
20203,요식업,강서구,8394818,7289891
20203,요식업,관악구,10779561,8203884
20203,요식업,광진구,7128389,5724675
20203,요식업,구로구,5642781,4407697
20203,요식업,금천구,3754066,2870601
20203,요식업,노원구,4468002,3518768
20203,요식업,도봉구,3145039,2610051
20203,요식업,동대문구,7542212,5806257
20203,요식업,동작구,6786740,6015799
20203,요식업,마포구,8613317,8982041
20203,요식업,서대문구,5503484,5388548
20203,요식업,서초구,5448722,4675316
20203,요식업,성동구,5481582,3934947
20203,요식업,성북구,7614115,7054714
20203,요식업,송파구,7583518,6233562
20203,요식업,양천구,4702835,3775077
20203,요식업,영등포구,7955602,6170833
20203,요식업,용산구,6222634,5803587
20203,요식업,은평구,6482826,5903489
20203,요식업,종로구,4199910,4587229
20203,요식업,중구,3660065,3269953
20203,요식업,중랑구,7744756,6299708
20203,서비스업,강남구,2095161,2022336
20203,서비스업,강동구,3298830,2598475
20203,서비스업,강북구,2678244,2299429
20203,서비스업,강서구,4306578,3528955
20203,서비스업,관악구,5428105,3846571
20203,서비스업,광진구,3249212,2633528
20203,서비스업,구로구,3045072,2553770
20203,서비스업,금천구,2224628,1949551
20203,서비스업,노원구,1674326,1297500
20203,서비스업,도봉구,1860233,1768900
20203,서비스업,동대문구,2562771,1817500
20203,서비스업,동작구,3116368,2687203
20203,서비스업,마포구,2219723,2283926
20203,서비스업,서대문구,1968065,1714100
20203,서비스업,서초구,1500261,1400712
20203,서비스업,성동구,3651620,1638260
20203,서비스업,성북구,3606215,3287442
20203,서비스업,송파구,3481951,2866499
20203,서비스업,양천구,2616810,2076529
20203,서비스업,영등포구,2464927,1998726
20203,서비스업,용산구,1287932,1269779
20203,서비스업,은평구,3559371,2880994
20203,서비스업,종로구,663646,559162
20203,서비스업,중구,764734,702174
20203,서비스업,중랑구,4558028,3543208
20203,판매업,강남구,22734761,19249598
20203,판매업,강동구,15766211,13802979
20203,판매업,강북구,14015591,12174399
20203,판매업,강서구,21515849,18917723
20203,판매업,관악구,23880439,19407846
20203,판매업,광진구,19250869,15299604
20203,판매업,구로구,16312146,12904404
20203,판매업,금천구,15272226,13501478
20203,판매업,노원구,7533848,6304502
20203,판매업,도봉구,9948721,8417134
20203,판매업,동대문구,20996126,17362726
20203,판매업,동작구,14324385,12944373
20203,판매업,마포구,17641345,18097032
20203,판매업,서대문구,10861734,10135099
20203,판매업,서초구,8057265,7154385
20203,판매업,성동구,23498220,32619087
20203,판매업,성북구,13870116,11884195
20203,판매업,송파구,16626169,13577531
20203,판매업,양천구,10888639,8814262
20203,판매업,영등포구,22714505,18390188
20203,판매업,용산구,11632407,9839320
20203,판매업,은평구,17058519,15692780
20203,판매업,종로구,8041043,6523625
20203,판매업,중구,6649086,5739265
20203,판매업,중랑구,19750623,18570692
20204,요식업,강남구,10242468,9197703
20204,요식업,강동구,7036773,5678067
20204,요식업,강북구,4771372,3888836
20204,요식업,강서구,7589993,6642997
20204,요식업,관악구,9868968,7487218
20204,요식업,광진구,6706192,5417934
20204,요식업,구로구,5361436,4332979
20204,요식업,금천구,3441813,2605317
20204,요식업,노원구,4165303,3348608
20204,요식업,도봉구,2895491,2428504
20204,요식업,동대문구,6889645,5433170
20204,요식업,동작구,6153818,5376217
20204,요식업,마포구,7809937,8010313
20204,요식업,서대문구,5075903,5074868
20204,요식업,서초구,5047827,4243629
20204,요식업,성동구,5104698,3687666
20204,요식업,성북구,6917375,6584292
20204,요식업,송파구,7037075,5739966
20204,요식업,양천구,4297838,3489513
20204,요식업,영등포구,7264892,5677991
20204,요식업,용산구,5797172,5356440
20204,요식업,은평구,6081871,5705501
20204,요식업,종로구,4033548,4284633
20204,요식업,중구,3426221,3115982
20204,요식업,중랑구,7073342,5757790
20204,서비스업,강남구,2044058,1985672
20204,서비스업,강동구,3259994,2538870
20204,서비스업,강북구,2663166,2304164
20204,서비스업,강서구,4199939,3468832
20204,서비스업,관악구,5495250,3767595
20204,서비스업,광진구,3229435,2646747
20204,서비스업,구로구,2960299,2501880
20204,서비스업,금천구,2180303,2009459
20204,서비스업,노원구,1673435,1288749
20204,서비스업,도봉구,1896855,1739044
20204,서비스업,동대문구,2535631,1825363
20204,서비스업,동작구,3062530,2644254
20204,서비스업,마포구,2158027,2227328
20204,서비스업,서대문구,2006353,1736982
20204,서비스업,서초구,1497769,1355028
20204,서비스업,성동구,3637339,1556181
20204,서비스업,성북구,3485045,3352685
20204,서비스업,송파구,3517874,2925006
20204,서비스업,양천구,2615595,2061024
20204,서비스업,영등포구,2526509,2044902
20204,서비스업,용산구,1334532,1249472
20204,서비스업,은평구,3661218,2871154
20204,서비스업,종로구,702742,585347
20204,서비스업,중구,771855,685804
20204,서비스업,중랑구,4291789,3549023
20204,판매업,강남구,21412386,17909340
20204,판매업,강동구,15035270,13301778
20204,판매업,강북구,13195262,11800029
20204,판매업,강서구,19927895,17806510
20204,판매업,관악구,22129864,18345240
20204,판매업,광진구,17859739,14255106
20204,판매업,구로구,15376354,12415404
20204,판매업,금천구,14234097,12725144
20204,판매업,노원구,7199420,6170083
20204,판매업,도봉구,9216421,8122841
20204,판매업,동대문구,19967505,16804523
20204,판매업,동작구,13713415,12388195
20204,판매업,마포구,16226102,16551043
20204,판매업,서대문구,10165003,9785279
20204,판매업,서초구,7579292,6744823
20204,판매업,성동구,21204415,29487643
20204,판매업,성북구,13071494,11710350
20204,판매업,송파구,16186592,13718870
20204,판매업,양천구,10319073,8517917
20204,판매업,영등포구,21412158,17327794
20204,판매업,용산구,11201852,9553662
20204,판매업,은평구,15999116,14839820
20204,판매업,종로구,8127163,6433399
20204,판매업,중구,6127705,5229768
20204,판매업,중랑구,18837800,17630331
20211,요식업,강남구,9591657,8759205
20211,요식업,강동구,6691242,5428137
20211,요식업,강북구,4455026,3690728
20211,요식업,강서구,7162083,6181022
20211,요식업,관악구,9090797,6905319
20211,요식업,광진구,5995460,4815305
20211,요식업,구로구,5157240,4161048
20211,요식업,금천구,3211108,2427353
20211,요식업,노원구,3749253,3042031
20211,요식업,도봉구,2793071,2304643
20211,요식업,동대문구,6317578,4838297
20211,요식업,동작구,5615453,4976740
20211,요식업,마포구,7420800,7798294
20211,요식업,서대문구,4692265,4640279
20211,요식업,서초구,4865497,4149344
20211,요식업,성동구,4904551,3572935
20211,요식업,성북구,6276969,5970026
20211,요식업,송파구,6539618,5302550
20211,요식업,양천구,3974745,3234288
20211,요식업,영등포구,6917565,5383583
20211,요식업,용산구,5273804,5058007
20211,요식업,은평구,5563047,5200131
20211,요식업,종로구,3882528,4068936
20211,요식업,중구,3203679,2828026
20211,요식업,중랑구,6561106,5160840
20211,서비스업,강남구,2008406,1937653
20211,서비스업,강동구,3275069,2446174
20211,서비스업,강북구,2601433,2170126
20211,서비스업,강서구,4022565,3275784
20211,서비스업,관악구,5433319,3692038
20211,서비스업,광진구,3132932,2480230
20211,서비스업,구로구,2847196,2336718
20211,서비스업,금천구,2193282,1848530
20211,서비스업,노원구,1594966,1204357
20211,서비스업,도봉구,1852426,1634671
20211,서비스업,동대문구,2485959,1747807
20211,서비스업,동작구,2932043,2477892
20211,서비스업,마포구,2096578,2155885
20211,서비스업,서대문구,1923931,1630736
20211,서비스업,서초구,1473152,1298458
20211,서비스업,성동구,3403582,1544947
20211,서비스업,성북구,3362020,3111388
20211,서비스업,송파구,3362245,2796673
20211,서비스업,양천구,2562632,1962315
20211,서비스업,영등포구,2523835,1921384
20211,서비스업,용산구,1269572,1165591
20211,서비스업,은평구,3586332,2747252
20211,서비스업,종로구,668978,532495
20211,서비스업,중구,712237,644751
20211,서비스업,중랑구,4224716,3244264
20211,판매업,강남구,20132659,16843144
20211,판매업,강동구,14553640,12620586
20211,판매업,강북구,12833412,11158453
20211,판매업,강서구,19620661,17564743
20211,판매업,관악구,20705586,17035627
20211,판매업,광진구,16898136,13532621
20211,판매업,구로구,14801310,11998603
20211,판매업,금천구,14462786,13332365
20211,판매업,노원구,7164630,6109386
20211,판매업,도봉구,9005712,7835893
20211,판매업,동대문구,19213243,16012618
20211,판매업,동작구,12966223,11657653
20211,판매업,마포구,15144534,15152477
20211,판매업,서대문구,9687228,9241872
20211,판매업,서초구,7181264,6506314
20211,판매업,성동구,22050506,27068807
20211,판매업,성북구,12316654,10711556
20211,판매업,송파구,15480959,12949771
20211,판매업,양천구,9561272,8054105
20211,판매업,영등포구,20891966,16643657
20211,판매업,용산구,10469543,8989528
20211,판매업,은평구,15292437,14141231
20211,판매업,종로구,7413620,5648413
20211,판매업,중구,5691419,4788373
20211,판매업,중랑구,17980339,16662701
20212,요식업,강남구,11713379,11036269
20212,요식업,강동구,7984493,6629565
20212,요식업,강북구,5324099,4523265
20212,요식업,강서구,8458016,7430722
20212,요식업,관악구,10669449,8394331
20212,요식업,광진구,7070220,6040677
20212,요식업,구로구,6164069,5068631
20212,요식업,금천구,3779221,2941389
20212,요식업,노원구,4621472,3903692
20212,요식업,도봉구,3329968,2906035
20212,요식업,동대문구,7688117,6253078
20212,요식업,동작구,6803548,6285386
20212,요식업,마포구,9376346,10367280
20212,요식업,서대문구,5809917,6120845
20212,요식업,서초구,5900683,5360559
20212,요식업,성동구,5845850,4642631
20212,요식업,성북구,7620239,7595461
20212,요식업,송파구,7820148,6760080
20212,요식업,양천구,4652782,3928450
20212,요식업,영등포구,8334298,6768027
20212,요식업,용산구,6691894,7223346
20212,요식업,은평구,6471056,6317337
20212,요식업,종로구,4911865,5459483
20212,요식업,중구,3846892,3511287
20212,요식업,중랑구,7635161,6295949
20212,서비스업,강남구,2361400,2237353
20212,서비스업,강동구,3718944,2854093
20212,서비스업,강북구,3047966,2476467
20212,서비스업,강서구,4498562,3758576
20212,서비스업,관악구,6366697,4316559
20212,서비스업,광진구,3551788,2864546
20212,서비스업,구로구,3315870,2709690
20212,서비스업,금천구,2605773,2095858
20212,서비스업,노원구,1910061,1398983
20212,서비스업,도봉구,2117303,1919902
20212,서비스업,동대문구,2811587,2020032
20212,서비스업,동작구,3335023,2879667
20212,서비스업,마포구,2467077,2569138
20212,서비스업,서대문구,2162733,1899082
20212,서비스업,서초구,1662590,1525881
20212,서비스업,성동구,4067643,1796665
20212,서비스업,성북구,3799440,3709955
20212,서비스업,송파구,3963887,3193371
20212,서비스업,양천구,2887873,2278786
20212,서비스업,영등포구,3180081,2350981
20212,서비스업,용산구,1444742,1352741
20212,서비스업,은평구,4142750,3120698
20212,서비스업,종로구,781945,624758
20212,서비스업,중구,845371,757505
20212,서비스업,중랑구,4862229,3851939
20212,판매업,강남구,23064696,19478005
20212,판매업,강동구,16293105,14187734
20212,판매업,강북구,14463376,12668063
20212,판매업,강서구,22159210,19656811
20212,판매업,관악구,23149813,19323575
20212,판매업,광진구,19224783,15785310
20212,판매업,구로구,16804159,13366059
20212,판매업,금천구,15084759,13301886
20212,판매업,노원구,7975620,6864775
20212,판매업,도봉구,10050856,8781289
20212,판매업,동대문구,21537305,18065065
20212,판매업,동작구,14364628,13264602
20212,판매업,마포구,17521023,17847757
20212,판매업,서대문구,11136284,10591114
20212,판매업,서초구,8270894,7626154
20212,판매업,성동구,21866859,27864878
20212,판매업,성북구,14367737,13184525
20212,판매업,송파구,17869221,15361111
20212,판매업,양천구,10846733,9240991
20212,판매업,영등포구,23553412,19440933
20212,판매업,용산구,12112175,10537631
20212,판매업,은평구,16983340,15923194
20212,판매업,종로구,9202949,7204720
20212,판매업,중구,6728572,5617006
20212,판매업,중랑구,20368006,19113693
20213,요식업,강남구,11195579,10373200
20213,요식업,강동구,8195930,6562241
20213,요식업,강북구,5562202,4575942
20213,요식업,강서구,8619872,7529602
20213,요식업,관악구,10723108,8238785
20213,요식업,광진구,7135045,5816213
20213,요식업,구로구,6171644,5063477
20213,요식업,금천구,3818602,2954881
20213,요식업,노원구,4497262,3696689
20213,요식업,도봉구,3545943,3035102
20213,요식업,동대문구,7563146,5866366
20213,요식업,동작구,6683706,6113411
20213,요식업,마포구,9071101,9610189
20213,요식업,서대문구,5667671,5639826
20213,요식업,서초구,5574683,5012028
20213,요식업,성동구,5636611,4293305
20213,요식업,성북구,7717063,7477072
20213,요식업,송파구,8035376,6948950
20213,요식업,양천구,4755957,3865771
20213,요식업,영등포구,8280378,6612451
20213,요식업,용산구,6320635,6226214
20213,요식업,은평구,6612722,6446561
20213,요식업,종로구,4750549,5291650
20213,요식업,중구,3672499,3216620
20213,요식업,중랑구,7898912,6497177
20213,서비스업,강남구,2328847,2248087
20213,서비스업,강동구,3529395,2702772
20213,서비스업,강북구,2883812,2347120
20213,서비스업,강서구,4453816,3598064
20213,서비스업,관악구,6031652,4112008
20213,서비스업,광진구,3451853,2785441
20213,서비스업,구로구,3204217,2581138
20213,서비스업,금천구,2552181,2076611
20213,서비스업,노원구,1853219,1367025
20213,서비스업,도봉구,2070231,1835720
20213,서비스업,동대문구,2670508,1912594
20213,서비스업,동작구,3228817,2867534
20213,서비스업,마포구,2405936,2457228
20213,서비스업,서대문구,2050568,1770409
20213,서비스업,서초구,1656729,1473596
20213,서비스업,성동구,3509869,1666394
20213,서비스업,성북구,3655909,3541981
20213,서비스업,송파구,3651356,3072422
20213,서비스업,양천구,2772478,2160895
20213,서비스업,영등포구,2818062,2253907
20213,서비스업,용산구,1344238,1272792
20213,서비스업,은평구,3936566,3073821
20213,서비스업,종로구,738910,608074
20213,서비스업,중구,790530,719221
20213,서비스업,중랑구,4675662,3688101
20213,판매업,강남구,23765243,19557594
20213,판매업,강동구,17360906,14760899
20213,판매업,강북구,15580032,13077495
20213,판매업,강서구,23492059,20494892
20213,판매업,관악구,24834891,20258491
20213,판매업,광진구,20278302,15979456
20213,판매업,구로구,17809779,13584047
20213,판매업,금천구,16617806,14943973
20213,판매업,노원구,8633613,7293755
20213,판매업,도봉구,10794814,9135685
20213,판매업,동대문구,23526991,19589908
20213,판매업,동작구,14850975,13446042
20213,판매업,마포구,18040408,17917919
20213,판매업,서대문구,11831616,10898176
20213,판매업,서초구,8429768,7459509
20213,판매업,성동구,23604825,26739863
20213,판매업,성북구,14749177,13072317
20213,판매업,송파구,18223743,14900289
20213,판매업,양천구,11738476,9533377
20213,판매업,영등포구,24780525,19555430
20213,판매업,용산구,12073150,10193998
20213,판매업,은평구,18010960,16325491
20213,판매업,종로구,8891442,6917850
20213,판매업,중구,6955200,5591607
20213,판매업,중랑구,21762810,20017583
20214,요식업,강남구,12221748,11531718
20214,요식업,강동구,8564874,6742588
20214,요식업,강북구,5794162,4733119
20214,요식업,강서구,9201941,7852876
20214,요식업,관악구,11457520,8896603
20214,요식업,광진구,7829712,6459974
20214,요식업,구로구,6475574,5249127
20214,요식업,금천구,4139182,3172588
20214,요식업,노원구,4816395,4017987
20214,요식업,도봉구,3683491,3147929
20214,요식업,동대문구,8152617,6418216
20214,요식업,동작구,7089205,6558045
20214,요식업,마포구,9881107,10831713
20214,요식업,서대문구,6096215,6140261
20214,요식업,서초구,6032767,5370254
20214,요식업,성동구,6109720,4812569
20214,요식업,성북구,8260910,8236943
20214,요식업,송파구,8533060,7374382
20214,요식업,양천구,5065361,4074447
20214,요식업,영등포구,8750692,6917796
20214,요식업,용산구,7530170,7435937
20214,요식업,은평구,6854212,6660746
20214,요식업,종로구,5339795,6133346
20214,요식업,중구,4016610,3624188
20214,요식업,중랑구,8295785,6801642
20214,서비스업,강남구,2496834,2417591
20214,서비스업,강동구,3765553,3000141
20214,서비스업,강북구,3015108,2578894
20214,서비스업,강서구,4874111,3996819
20214,서비스업,관악구,6574528,4518379
20214,서비스업,광진구,3650373,3078578
20214,서비스업,구로구,3477270,2891783
20214,서비스업,금천구,2737592,2264764
20214,서비스업,노원구,2075216,1664690
20214,서비스업,도봉구,2241002,2080103
20214,서비스업,동대문구,2814085,2064330
20214,서비스업,동작구,3400166,3102788
20214,서비스업,마포구,2573150,2717489
20214,서비스업,서대문구,2319582,1992240
20214,서비스업,서초구,1776953,1655382
20214,서비스업,성동구,3764829,1749247
20214,서비스업,성북구,4070598,3913527
20214,서비스업,송파구,3818235,3278729
20214,서비스업,양천구,2965063,2397744
20214,서비스업,영등포구,3130215,2516574
20214,서비스업,용산구,1497363,1419414
20214,서비스업,은평구,4112533,3425814
20214,서비스업,종로구,812607,658287
20214,서비스업,중구,857339,814627
20214,서비스업,중랑구,4885679,3963660
20214,판매업,강남구,23181304,19070603
20214,판매업,강동구,16862503,14938698
20214,판매업,강북구,14561828,12779277
20214,판매업,강서구,22713439,20268602
20214,판매업,관악구,23960364,20237306
20214,판매업,광진구,19385706,15874797
20214,판매업,구로구,17028189,13532621
20214,판매업,금천구,16284274,14710591
20214,판매업,노원구,8500613,7240954
20214,판매업,도봉구,10253744,9056594
20214,판매업,동대문구,23226082,20685152
20214,판매업,동작구,14458820,13448847
20214,판매업,마포구,17748837,18043457
20214,판매업,서대문구,11578052,11105755
20214,판매업,서초구,8368678,7425576
20214,판매업,성동구,21749592,26844815
20214,판매업,성북구,14653180,13549790
20214,판매업,송파구,17774906,14767617
20214,판매업,양천구,11284111,9345074
20214,판매업,영등포구,23709050,19661693
20214,판매업,용산구,12294450,10589497
20214,판매업,은평구,17541872,16071246
20214,판매업,종로구,8980417,7355484
20214,판매업,중구,6877553,5731419
20214,판매업,중랑구,20330738,19273737
20221,요식업,강남구,10989203,10193732
20221,요식업,강동구,7735571,6091088
20221,요식업,강북구,5294315,4268176
20221,요식업,강서구,8580984,7145373
20221,요식업,관악구,10373674,8179498
20221,요식업,광진구,6995427,5687047
20221,요식업,구로구,5801355,4603290
20221,요식업,금천구,3724188,2899003
20221,요식업,노원구,4402211,3677420
20221,요식업,도봉구,3284408,2770482
20221,요식업,동대문구,7216680,5533124
20221,요식업,동작구,6452380,5734887
20221,요식업,마포구,8777799,9585899
20221,요식업,서대문구,5444222,5478199
20221,요식업,서초구,5362364,4712288
20221,요식업,성동구,5489547,4247392
20221,요식업,성북구,7331865,7219860
20221,요식업,송파구,7921002,6611524
20221,요식업,양천구,4633105,3727257
20221,요식업,영등포구,7862243,6114171
20221,요식업,용산구,6337379,6166129
20221,요식업,은평구,6205070,6054059
20221,요식업,종로구,4769173,5230024
20221,요식업,중구,3686026,3281267
20221,요식업,중랑구,7345456,6020727
20221,서비스업,강남구,2424761,2335055
20221,서비스업,강동구,3611251,2870355
20221,서비스업,강북구,2813936,2448347
20221,서비스업,강서구,4627453,3903609
20221,서비스업,관악구,5970682,4322940
20221,서비스업,광진구,3280919,2936170
20221,서비스업,구로구,3368336,2931223
20221,서비스업,금천구,2611716,2127075
20221,서비스업,노원구,2145081,1799087
20221,서비스업,도봉구,2082773,1966059
20221,서비스업,동대문구,2597775,1977721
20221,서비스업,동작구,3232022,3044010
20221,서비스업,마포구,2501800,2644184
20221,서비스업,서대문구,2243193,2048654
20221,서비스업,서초구,1706463,1617402
20221,서비스업,성동구,3596653,1814193
20221,서비스업,성북구,3800989,3855842
20221,서비스업,송파구,3717704,3321319
20221,서비스업,양천구,2768274,2331541
20221,서비스업,영등포구,2927435,2436504
20221,서비스업,용산구,1466957,1457004
20221,서비스업,은평구,3900739,3220508
20221,서비스업,종로구,742791,629977
20221,서비스업,중구,826674,793479
20221,서비스업,중랑구,4500383,3745636
20221,판매업,강남구,21997457,18207331
20221,판매업,강동구,16272887,14585059
20221,판매업,강북구,14465360,12762666
20221,판매업,강서구,21942713,19856730
20221,판매업,관악구,23169917,19703916
20221,판매업,광진구,18478535,15257274
20221,판매업,구로구,16660147,13386115
20221,판매업,금천구,16142679,15021937
20221,판매업,노원구,8143460,7031904
20221,판매업,도봉구,10064598,8891000
20221,판매업,동대문구,21989288,19491397
20221,판매업,동작구,14336082,13693064
20221,판매업,마포구,16715303,17088423
20221,판매업,서대문구,10674165,10474278
20221,판매업,서초구,8642381,7760636
20221,판매업,성동구,22981111,27074642
20221,판매업,성북구,14101488,12893968
20221,판매업,송파구,16802229,13909374
20221,판매업,양천구,11051530,9342708
20221,판매업,영등포구,23221803,19246139
20221,판매업,용산구,11233236,9707620
20221,판매업,은평구,16779259,15577881
20221,판매업,종로구,8058782,6281854
20221,판매업,중구,6405987,5305865
20221,판매업,중랑구,19906932,18917091
20222,요식업,강남구,13722344,13058836
20222,요식업,강동구,9460624,7588800
20222,요식업,강북구,6776852,5676949
20222,요식업,강서구,10479835,8975376
20222,요식업,관악구,12816072,10214860
20222,요식업,광진구,8987592,7575129
20222,요식업,구로구,7097140,5783955
20222,요식업,금천구,4613554,3675723
20222,요식업,노원구,5767224,4961792
20222,요식업,도봉구,4052449,3560386
20222,요식업,동대문구,9313972,7475041
20222,요식업,동작구,7966306,7379746
20222,요식업,마포구,11423605,12797457
20222,요식업,서대문구,7028858,7444505
20222,요식업,서초구,6781376,6218907
20222,요식업,성동구,6788102,5542329
20222,요식업,성북구,9482195,9807565
20222,요식업,송파구,9649295,8255726
20222,요식업,양천구,5728755,4672688
20222,요식업,영등포구,9657061,7711418
20222,요식업,용산구,9586082,9251364
20222,요식업,은평구,7667955,7503523
20222,요식업,종로구,6310426,7208370
20222,요식업,중구,4577096,4199840
20222,요식업,중랑구,9217319,7744697
20222,서비스업,강남구,2633022,2561746
20222,서비스업,강동구,3932852,3151787
20222,서비스업,강북구,3307151,2726604
20222,서비스업,강서구,5108188,4098236
20222,서비스업,관악구,6756988,4769072
20222,서비스업,광진구,3714850,3283034
20222,서비스업,구로구,3808430,3041150
20222,서비스업,금천구,3085165,2394018
20222,서비스업,노원구,2347891,1870119
20222,서비스업,도봉구,2279152,2142850
20222,서비스업,동대문구,3171430,2265644
20222,서비스업,동작구,3656582,3321889
20222,서비스업,마포구,2818447,2912423
20222,서비스업,서대문구,2497953,2231484
20222,서비스업,서초구,1936728,1828621
20222,서비스업,성동구,4066621,1940890
20222,서비스업,성북구,4545961,4331584
20222,서비스업,송파구,4043263,3553532
20222,서비스업,양천구,3093615,2541379
20222,서비스업,영등포구,3202872,2650900
20222,서비스업,용산구,1615457,1537221
20222,서비스업,은평구,4421080,3611527
20222,서비스업,종로구,845284,703452
20222,서비스업,중구,976715,887087
20222,서비스업,중랑구,5070973,4190220
20222,판매업,강남구,25194109,20779624
20222,판매업,강동구,18084037,15872626
20222,판매업,강북구,15811813,14188469
20222,판매업,강서구,23510131,20984211
20222,판매업,관악구,25305213,21450651
20222,판매업,광진구,20712241,16979771
20222,판매업,구로구,17609048,14314398
20222,판매업,금천구,16324640,14784470
20222,판매업,노원구,8858456,7512160
20222,판매업,도봉구,10647243,9329187
20222,판매업,동대문구,24811978,22105394
20222,판매업,동작구,15326657,14646444
20222,판매업,마포구,18677452,19402875
20222,판매업,서대문구,11787512,11454497
20222,판매업,서초구,10245976,9105985
20222,판매업,성동구,20927361,23532469
20222,판매업,성북구,16232504,15146895
20222,판매업,송파구,18505243,15263213
20222,판매업,양천구,12141555,10036604
20222,판매업,영등포구,25164947,21591854
20222,판매업,용산구,14125236,11741273
20222,판매업,은평구,18404688,16914294
20222,판매업,종로구,9947989,8114619
20222,판매업,중구,7458437,6254600
20222,판매업,중랑구,21362400,20589176
20223,요식업,강남구,14281067,13733624
20223,요식업,강동구,9768669,7679875
20223,요식업,강북구,6860987,5611489
20223,요식업,강서구,10513122,8952982
20223,요식업,관악구,12972966,10183696
20223,요식업,광진구,8967044,7577740
20223,요식업,구로구,7219681,5829253
20223,요식업,금천구,4732908,3734561
20223,요식업,노원구,5746211,4906439
20223,요식업,도봉구,4231150,3786242
20223,요식업,동대문구,9196473,7306336
20223,요식업,동작구,8012850,7571422
20223,요식업,마포구,11421073,12903876
20223,요식업,서대문구,6933628,7209399
20223,요식업,서초구,6503717,6017901
20223,요식업,성동구,6708635,5542480
20223,요식업,성북구,9247526,9579056
20223,요식업,송파구,9644153,8205063
20223,요식업,양천구,5803126,4696822
20223,요식업,영등포구,9882440,7849573
20223,요식업,용산구,9520376,8956397
20223,요식업,은평구,7857861,7601460
20223,요식업,종로구,6068868,6861993
20223,요식업,중구,4514549,4148187
20223,요식업,중랑구,9258499,7642586
20223,서비스업,강남구,2799220,2661523
20223,서비스업,강동구,4259794,3275323
20223,서비스업,강북구,3499171,2847352
20223,서비스업,강서구,5286092,4241689
20223,서비스업,관악구,7088899,5070209
20223,서비스업,광진구,3846908,3413799
20223,서비스업,구로구,3921369,3155925
20223,서비스업,금천구,3046221,2529449
20223,서비스업,노원구,2258686,1840283
20223,서비스업,도봉구,2350106,2240336
20223,서비스업,동대문구,3312146,2338023
20223,서비스업,동작구,3904832,3461184
20223,서비스업,마포구,2837105,3041245
20223,서비스업,서대문구,2639991,2399791
20223,서비스업,서초구,1913294,1859670
20223,서비스업,성동구,4055409,2044424
20223,서비스업,성북구,4594528,4478173
20223,서비스업,송파구,4108824,3570073
20223,서비스업,양천구,3365244,2650390
20223,서비스업,영등포구,3299948,2711235
20223,서비스업,용산구,1573661,1574298
20223,서비스업,은평구,4555907,3760109
20223,서비스업,종로구,860306,726808
20223,서비스업,중구,1015209,918371
20223,서비스업,중랑구,5369506,4289662
20223,판매업,강남구,26017418,21524498
20223,판매업,강동구,18958551,16391438
20223,판매업,강북구,16893209,14759437
20223,판매업,강서구,24588740,21727570
20223,판매업,관악구,26098304,21651042
20223,판매업,광진구,21444478,17459113
20223,판매업,구로구,18432850,14938067
20223,판매업,금천구,17158334,15394463
20223,판매업,노원구,9206710,7736460
20223,판매업,도봉구,10878304,9543976
20223,판매업,동대문구,25513376,22252092
20223,판매업,동작구,15729318,15126148
20223,판매업,마포구,19370772,20255270
20223,판매업,서대문구,12088526,11985661
20223,판매업,서초구,10201759,9132661
20223,판매업,성동구,20239963,21048593
20223,판매업,성북구,16760003,15466737
20223,판매업,송파구,18726172,15214280
20223,판매업,양천구,12634511,10486645
20223,판매업,영등포구,25956592,22183764
20223,판매업,용산구,15270232,12465099
20223,판매업,은평구,18661899,16785668
20223,판매업,종로구,9467407,7667868
20223,판매업,중구,7766703,6466269
20223,판매업,중랑구,21754454,20509182
20224,요식업,강남구,14071901,13274620
20224,요식업,강동구,9613497,7552052
20224,요식업,강북구,6750309,5624752
20224,요식업,강서구,10391238,8683339
20224,요식업,관악구,13001227,10155066
20224,요식업,광진구,9126228,7721814
20224,요식업,구로구,7215667,5967453
20224,요식업,금천구,4795142,3700794
20224,요식업,노원구,5839705,4969458
20224,요식업,도봉구,4186562,3798031
20224,요식업,동대문구,9577635,7901505
20224,요식업,동작구,8299271,7835925
20224,요식업,마포구,11422530,13076633
20224,요식업,서대문구,7196992,7707405
20224,요식업,서초구,6544604,5997752
20224,요식업,성동구,6853121,5685927
20224,요식업,성북구,9697400,10402849
20224,요식업,송파구,9782608,8271824
20224,요식업,양천구,5646099,4451841
20224,요식업,영등포구,9856863,7653660
20224,요식업,용산구,8423714,8390480
20224,요식업,은평구,7859197,7490981
20224,요식업,종로구,6151123,7089343
20224,요식업,중구,4559437,4357852
20224,요식업,중랑구,9208232,7525316
20224,서비스업,강남구,2758951,2676449
20224,서비스업,강동구,4268707,3379684
20224,서비스업,강북구,3561432,2981248
20224,서비스업,강서구,5399565,4448010
20224,서비스업,관악구,7260063,5221319
20224,서비스업,광진구,4093226,3612337
20224,서비스업,구로구,3989955,3349077
20224,서비스업,금천구,3084221,2646775
20224,서비스업,노원구,2262885,1972215
20224,서비스업,도봉구,2425939,2343671
20224,서비스업,동대문구,3354301,2469063
20224,서비스업,동작구,3988276,3694708
20224,서비스업,마포구,2844556,3103820
20224,서비스업,서대문구,2681458,2521464
20224,서비스업,서초구,1992200,1898953
20224,서비스업,성동구,4141295,2135003
20224,서비스업,성북구,4669797,4658351
20224,서비스업,송파구,4282943,3819800
20224,서비스업,양천구,3405769,2791542
20224,서비스업,영등포구,3299229,2754427
20224,서비스업,용산구,1555424,1555523
20224,서비스업,은평구,4492196,3907870
20224,서비스업,종로구,920912,744580
20224,서비스업,중구,1016093,937416
20224,서비스업,중랑구,5474328,4534668
20224,판매업,강남구,25031162,21021738
20224,판매업,강동구,18243155,16148607
20224,판매업,강북구,16339342,14707305
20224,판매업,강서구,23704178,21302360
20224,판매업,관악구,25301053,21608505
20224,판매업,광진구,20844330,17155167
20224,판매업,구로구,17943137,14818045
20224,판매업,금천구,16876757,15184258
20224,판매업,노원구,8859332,7703261
20224,판매업,도봉구,10539631,9460798
20224,판매업,동대문구,25533713,22749446
20224,판매업,동작구,15554037,15230975
20224,판매업,마포구,18523651,19567976
20224,판매업,서대문구,11978646,12468952
20224,판매업,서초구,9828548,8891031
20224,판매업,성동구,18998469,20408092
20224,판매업,성북구,16511237,16028986
20224,판매업,송파구,18234667,14935318
20224,판매업,양천구,12281205,10493380
20224,판매업,영등포구,26034662,23807785
20224,판매업,용산구,13526572,11327632
20224,판매업,은평구,17784298,16621503
20224,판매업,종로구,9456403,8133713
20224,판매업,중구,7537673,6544785
20224,판매업,중랑구,20788499,19790663
20231,요식업,강남구,14020477,13193159
20231,요식업,강동구,9421099,7244890
20231,요식업,강북구,6482698,5332953
20231,요식업,강서구,10044738,8325762
20231,요식업,관악구,12481427,9825393
20231,요식업,광진구,8499470,7002256
20231,요식업,구로구,7068249,5623431
20231,요식업,금천구,4707000,3612152
20231,요식업,노원구,5593077,4641937
20231,요식업,도봉구,4101292,3583110
20231,요식업,동대문구,8925450,7091996
20231,요식업,동작구,7853586,7385780
20231,요식업,마포구,10874373,12251606
20231,요식업,서대문구,6838743,7072765
20231,요식업,서초구,6411999,5732724
20231,요식업,성동구,6524287,5380043
20231,요식업,성북구,9071464,9300547
20231,요식업,송파구,9702776,8060398
20231,요식업,양천구,5519577,4372497
20231,요식업,영등포구,9602717,7426826
20231,요식업,용산구,7953058,7534847
20231,요식업,은평구,7624174,7315611
20231,요식업,종로구,5783727,6668962
20231,요식업,중구,4399031,4065258
20231,요식업,중랑구,8852782,7112478
20231,서비스업,강남구,2474906,2491527
20231,서비스업,강동구,4256897,3250636
20231,서비스업,강북구,3512507,2865192
20231,서비스업,강서구,5171544,4197931
20231,서비스업,관악구,7063298,4908436
20231,서비스업,광진구,4009796,3316277
20231,서비스업,구로구,3765217,3110089
20231,서비스업,금천구,3108347,2500451
20231,서비스업,노원구,2181685,1834994
20231,서비스업,도봉구,2320287,2172312
20231,서비스업,동대문구,3266425,2407103
20231,서비스업,동작구,3890674,3440548
20231,서비스업,마포구,2699818,2889634
20231,서비스업,서대문구,2576700,2329463
20231,서비스업,서초구,1875769,1802293
20231,서비스업,성동구,4221468,2091257
20231,서비스업,성북구,4454915,4261948
20231,서비스업,송파구,4084996,3573704
20231,서비스업,양천구,2887347,2577449
20231,서비스업,영등포구,3176942,2660458
20231,서비스업,용산구,1453547,1435435
20231,서비스업,은평구,4358946,3667403
20231,서비스업,종로구,924226,721893
20231,서비스업,중구,968940,886352
20231,서비스업,중랑구,5164324,4311919
20231,판매업,강남구,24051323,19882750
20231,판매업,강동구,17488433,15280700
20231,판매업,강북구,15934764,13822551
20231,판매업,강서구,22620491,20126675
20231,판매업,관악구,23713318,20472304
20231,판매업,광진구,19513915,16139769
20231,판매업,구로구,17352539,14016487
20231,판매업,금천구,16256564,14688138
20231,판매업,노원구,8565703,7609184
20231,판매업,도봉구,9993002,8959616
20231,판매업,동대문구,24823888,21781760
20231,판매업,동작구,14951377,14760340
20231,판매업,마포구,17559876,18173382
20231,판매업,서대문구,11918570,12142490
20231,판매업,서초구,9225720,8085899
20231,판매업,성동구,19643678,20665891
20231,판매업,성북구,15353738,14506645
20231,판매업,송파구,17131070,14074073
20231,판매업,양천구,11737956,10032016
20231,판매업,영등포구,24970721,22329975
20231,판매업,용산구,12218137,10121757
20231,판매업,은평구,17238724,15777405
20231,판매업,종로구,8918666,7593194
20231,판매업,중구,7036366,6031514
20231,판매업,중랑구,20173673,19565889
20232,요식업,강남구,14327683,13701133
20232,요식업,강동구,10122712,7995822
20232,요식업,강북구,7108570,6076082
20232,요식업,강서구,10973657,9316631
20232,요식업,관악구,13492407,10936092
20232,요식업,광진구,9463169,8195754
20232,요식업,구로구,7595309,6171000
20232,요식업,금천구,5076446,4019787
20232,요식업,노원구,6284202,5514712
20232,요식업,도봉구,4557738,4049729
20232,요식업,동대문구,10163521,8597962
20232,요식업,동작구,8731339,8476134
20232,요식업,마포구,11777860,13757159
20232,요식업,서대문구,7661278,8305648
20232,요식업,서초구,6930318,6387282
20232,요식업,성동구,6873760,5869837
20232,요식업,성북구,10165612,11124290
20232,요식업,송파구,10401632,8957197
20232,요식업,양천구,6046582,4968855
20232,요식업,영등포구,10321118,8136288
20232,요식업,용산구,8909769,9198133
20232,요식업,은평구,8475873,8441775
20232,요식업,종로구,6436412,7775737
20232,요식업,중구,4790472,4688030
20232,요식업,중랑구,9759543,8128649
20232,서비스업,강남구,2628379,2718296
20232,서비스업,강동구,4344799,3558697
20232,서비스업,강북구,3610000,3113299
20232,서비스업,강서구,5353497,4600320
20232,서비스업,관악구,7340367,5521219
20232,서비스업,광진구,4392599,3744634
20232,서비스업,구로구,4027552,3566837
20232,서비스업,금천구,3268391,2762726
20232,서비스업,노원구,2435361,2086810
20232,서비스업,도봉구,2342548,2342048
20232,서비스업,동대문구,3486128,2657317
20232,서비스업,동작구,4005720,3794041
20232,서비스업,마포구,2908539,3294435
20232,서비스업,서대문구,3120810,2761174
20232,서비스업,서초구,2029608,2047301
20232,서비스업,성동구,4243092,2266159
20232,서비스업,성북구,4674444,4987331
20232,서비스업,송파구,4316913,3911819
20232,서비스업,양천구,3032283,2826112
20232,서비스업,영등포구,3453663,2953009
20232,서비스업,용산구,1500763,1561016
20232,서비스업,은평구,4326116,3971204
20232,서비스업,종로구,965132,810293
20232,서비스업,중구,1037877,996842
20232,서비스업,중랑구,5313364,4678639
20232,판매업,강남구,25784408,21601520
20232,판매업,강동구,19348209,16819545
20232,판매업,강북구,17370319,15298807
20232,판매업,강서구,24567050,22476122
20232,판매업,관악구,25697519,22372990
20232,판매업,광진구,21621117,18541027
20232,판매업,구로구,18943501,15722926
20232,판매업,금천구,16855258,15181844
20232,판매업,노원구,9550211,8585828
20232,판매업,도봉구,10800007,9703047
20232,판매업,동대문구,28089192,25680084
20232,판매업,동작구,16410960,16440334
20232,판매업,마포구,19378700,20491934
20232,판매업,서대문구,13395615,14041666
20232,판매업,서초구,10331720,9295749
20232,판매업,성동구,20196981,22323780
20232,판매업,성북구,17376709,16960685
20232,판매업,송파구,19047989,16151639
20232,판매업,양천구,12927576,11170672
20232,판매업,영등포구,27361000,24750348
20232,판매업,용산구,13909694,11821050
20232,판매업,은평구,18856254,17438234
20232,판매업,종로구,9965189,8816662
20232,판매업,중구,7697690,6841296
20232,판매업,중랑구,22293753,21801613
20233,요식업,강남구,14188929,13564462
20233,요식업,강동구,9965695,7811536
20233,요식업,강북구,7050259,5906768
20233,요식업,강서구,10968924,9096028
20233,요식업,관악구,13043697,10479721
20233,요식업,광진구,8991878,7723020
20233,요식업,구로구,7407403,6075276
20233,요식업,금천구,4961234,3965446
20233,요식업,노원구,6033391,5239707
20233,요식업,도봉구,4591255,3999351
20233,요식업,동대문구,9278151,7519292
20233,요식업,동작구,8312154,8038234
20233,요식업,마포구,11542782,13251853
20233,요식업,서대문구,7272073,7635210
20233,요식업,서초구,6704181,6065557
20233,요식업,성동구,6541797,5590883
20233,요식업,성북구,9602554,10009354
20233,요식업,송파구,9982467,8376334
20233,요식업,양천구,6033719,4934485
20233,요식업,영등포구,10116571,7973173
20233,요식업,용산구,8677718,8210775
20233,요식업,은평구,8423788,8116527
20233,요식업,종로구,5995249,7056422
20233,요식업,중구,4532947,4308733
20233,요식업,중랑구,9605551,7785456
20233,서비스업,강남구,2694342,2726813
20233,서비스업,강동구,4033439,3337852
20233,서비스업,강북구,3520683,3026092
20233,서비스업,강서구,5312828,4349507
20233,서비스업,관악구,7102931,5164324
20233,서비스업,광진구,4260456,3566002
20233,서비스업,구로구,3924886,3345461
20233,서비스업,금천구,3056103,2635078
20233,서비스업,노원구,2390164,2058233
20233,서비스업,도봉구,2265313,2294378
20233,서비스업,동대문구,3199012,2484026
20233,서비스업,동작구,3763510,3549215
20233,서비스업,마포구,2822723,3196356
20233,서비스업,서대문구,3205703,2700936
20233,서비스업,서초구,1686065,1784210
20233,서비스업,성동구,3933086,2159983
20233,서비스업,성북구,4270168,4529671
20233,서비스업,송파구,4187870,3771537
20233,서비스업,양천구,3071116,2693946
20233,서비스업,영등포구,3294338,2861346
20233,서비스업,용산구,1220772,1353751
20233,서비스업,은평구,4064989,3766723
20233,서비스업,종로구,901155,795851
20233,서비스업,중구,1023102,998751
20233,서비스업,중랑구,5278689,4402851
20233,판매업,강남구,25907799,21513599
20233,판매업,강동구,19568361,16940815
20233,판매업,강북구,17645294,15228590
20233,판매업,강서구,24634033,21891888
20233,판매업,관악구,25446390,21554392
20233,판매업,광진구,21545484,18296000
20233,판매업,구로구,18953672,15817032
20233,판매업,금천구,17195921,15704611
20233,판매업,노원구,9365103,8348267
20233,판매업,도봉구,10830912,9839186
20233,판매업,동대문구,27751330,24596285
20233,판매업,동작구,15837370,15705284
20233,판매업,마포구,19583344,20579525
20233,판매업,서대문구,13364007,13862342
20233,판매업,서초구,9899718,8808398
20233,판매업,성동구,20328863,21051572
20233,판매업,성북구,16848722,15846321
20233,판매업,송파구,18514475,15366894
20233,판매업,양천구,13084750,11293345
20233,판매업,영등포구,27507709,24753311
20233,판매업,용산구,13983460,11436620
20233,판매업,은평구,19028841,17253046
20233,판매업,종로구,9650862,8191010
20233,판매업,중구,7651152,6518253
20233,판매업,중랑구,21839998,20431448
20234,요식업,강남구,13049362,12057277
20234,요식업,강동구,8963549,6873987
20234,요식업,강북구,6556578,5483943
20234,요식업,강서구,10251393,8416270
20234,요식업,관악구,12220352,9754800
20234,요식업,광진구,8731713,7383478
20234,요식업,구로구,6919511,5581856
20234,요식업,금천구,4579488,3573904
20234,요식업,노원구,5728914,4918451
20234,요식업,도봉구,4236602,3716682
20234,요식업,동대문구,9182393,7624695
20234,요식업,동작구,7951263,7643988
20234,요식업,마포구,10988638,12649054
20234,요식업,서대문구,6911214,7517523
20234,요식업,서초구,6399110,5771752
20234,요식업,성동구,6304050,5376818
20234,요식업,성북구,9503606,10127810
20234,요식업,송파구,9448760,7796908
20234,요식업,양천구,5594060,4446049
20234,요식업,영등포구,9461203,7351714
20234,요식업,용산구,8293992,8221166
20234,요식업,은평구,7670944,7421144
20234,요식업,종로구,5906195,7007508
20234,요식업,중구,4457174,4251065
20234,요식업,중랑구,8949557,7121660
20234,서비스업,강남구,2661284,2744171
20234,서비스업,강동구,3973216,3377117
20234,서비스업,강북구,3493516,3011296
20234,서비스업,강서구,5388696,4648681
20234,서비스업,관악구,7061353,5359000
20234,서비스업,광진구,4370794,3673539
20234,서비스업,구로구,4030715,3502095
20234,서비스업,금천구,3133318,2802914
20234,서비스업,노원구,2419463,2153725
20234,서비스업,도봉구,2384198,2443000
20234,서비스업,동대문구,3049645,2539530
20234,서비스업,동작구,3887471,3663443
20234,서비스업,마포구,2910212,3352715
20234,서비스업,서대문구,3275428,2755320
20234,서비스업,서초구,1724421,1833317
20234,서비스업,성동구,3856916,2178187
20234,서비스업,성북구,4234357,4829736
20234,서비스업,송파구,4240567,3894326
20234,서비스업,양천구,3054242,2840485
20234,서비스업,영등포구,3372556,3020901
20234,서비스업,용산구,1276561,1461206
20234,서비스업,은평구,4116557,3877355
20234,서비스업,종로구,942563,860688
20234,서비스업,중구,1015010,978424
20234,서비스업,중랑구,5211443,4558462
20234,판매업,강남구,23689130,19734284
20234,판매업,강동구,18091426,15739529
20234,판매업,강북구,16397639,14350168
20234,판매업,강서구,23222641,21015350
20234,판매업,관악구,23657419,20158954
20234,판매업,광진구,20143138,17270997
20234,판매업,구로구,17754722,15074490
20234,판매업,금천구,16020968,14422499
20234,판매업,노원구,8818033,7778071
20234,판매업,도봉구,10265137,9430161
20234,판매업,동대문구,27341451,24925681
20234,판매업,동작구,15167072,14982570
20234,판매업,마포구,18323801,19365431
20234,판매업,서대문구,12794640,13608200
20234,판매업,서초구,9248696,8166541
20234,판매업,성동구,19219809,21288572
20234,판매업,성북구,16122969,15660135
20234,판매업,송파구,17165253,14476795
20234,판매업,양천구,12101384,10553900
20234,판매업,영등포구,25359980,23574843
20234,판매업,용산구,13127517,11050461
20234,판매업,은평구,17553611,16061451
20234,판매업,종로구,9308005,8208348
20234,판매업,중구,7144773,6396125
20234,판매업,중랑구,20211777,19037004
