기준_년분기_코드,업종,상권_코드,총 매출
20191,요식업,강남구,537217062140
20191,요식업,강동구,249142285065
20191,요식업,강북구,202769098839
20191,요식업,강서구,288093723965
20191,요식업,관악구,312079444988
20191,요식업,광진구,263656348213
20191,요식업,구로구,184118203490
20191,요식업,금천구,156999651966
20191,요식업,노원구,166838471220
20191,요식업,도봉구,102785502010
20191,요식업,동대문구,251883414026
20191,요식업,동작구,220428459857
20191,요식업,마포구,336877895714
20191,요식업,서대문구,216874093142
20191,요식업,서초구,226561225617
20191,요식업,성동구,168323134618
20191,요식업,성북구,245429105062
20191,요식업,송파구,289725053247
20191,요식업,양천구,143437836664
20191,요식업,영등포구,274121748082
20191,요식업,용산구,322279096263
20191,요식업,은평구,229077005116
20191,요식업,종로구,195057800413
20191,요식업,중구,143206247782
20191,요식업,중랑구,281573140288
20191,서비스업,강남구,475110507502
20191,서비스업,강동구,237917039971
20191,서비스업,강북구,167954010604
20191,서비스업,강서구,295517283063
20191,서비스업,관악구,303658860692
20191,서비스업,광진구,209788671364
20191,서비스업,구로구,172253388505
20191,서비스업,금천구,137843801837
20191,서비스업,노원구,97104544134
20191,서비스업,도봉구,116242499897
20191,서비스업,동대문구,166704003298
20191,서비스업,동작구,214952323328
20191,서비스업,마포구,197897633999
20191,서비스업,서대문구,132737702289
20191,서비스업,서초구,188836770002
20191,서비스업,성동구,124500202271
20191,서비스업,성북구,205692966563
20191,서비스업,송파구,277094972157
20191,서비스업,양천구,193216613872
20191,서비스업,영등포구,181203535220
20191,서비스업,용산구,97495464589
20191,서비스업,은평구,217241751168
20191,서비스업,종로구,54304013892
20191,서비스업,중구,54086106864
20191,서비스업,중랑구,217792651953
20191,판매업,강남구,1157503236270
20191,판매업,강동구,442518808074
20191,판매업,강북구,376171875998
20191,판매업,강서구,528028057421
20191,판매업,관악구,619903243162
20191,판매업,광진구,485816050891
20191,판매업,구로구,401994579837
20191,판매업,금천구,869338028660
20191,판매업,노원구,193152865401
20191,판매업,도봉구,291958629490
20191,판매업,동대문구,815620411399
20191,판매업,동작구,384538391015
20191,판매업,마포구,493937229313
20191,판매업,서대문구,312442610563
20191,판매업,서초구,448655690374
20191,판매업,성동구,416030526394
20191,판매업,성북구,331457845699
20191,판매업,송파구,560790886066
20191,판매업,양천구,273593741745
20191,판매업,영등포구,936295909860
20191,판매업,용산구,962267835693
20191,판매업,은평구,440886170142
20191,판매업,종로구,353160356168
20191,판매업,중구,290599967801
20191,판매업,중랑구,552532525463
20192,요식업,강남구,558557842388
20192,요식업,강동구,263610696499
20192,요식업,강북구,220719085978
20192,요식업,강서구,308524527379
20192,요식업,관악구,334309846136
20192,요식업,광진구,284643961549
20192,요식업,구로구,195348787631
20192,요식업,금천구,164361091153
20192,요식업,노원구,178408942806
20192,요식업,도봉구,111947291293
20192,요식업,동대문구,279095700979
20192,요식업,동작구,238123570599
20192,요식업,마포구,359182465663
20192,요식업,서대문구,241287993787
20192,요식업,서초구,240608314363
20192,요식업,성동구,190827308478
20192,요식업,성북구,278099638859
20192,요식업,송파구,316435766654
20192,요식업,양천구,155640190677
20192,요식업,영등포구,293092949136
20192,요식업,용산구,353555826020
20192,요식업,은평구,244578594646
20192,요식업,종로구,212906121882
20192,요식업,중구,154560691713
20192,요식업,중랑구,303240282475
20192,서비스업,강남구,463007649952
20192,서비스업,강동구,247706551177
20192,서비스업,강북구,181201521086
20192,서비스업,강서구,306722405092
20192,서비스업,관악구,317795252419
20192,서비스업,광진구,216033914054
20192,서비스업,구로구,180339825219
20192,서비스업,금천구,154798632026
20192,서비스업,노원구,105579426108
20192,서비스업,도봉구,123917078426
20192,서비스업,동대문구,181522296200
20192,서비스업,동작구,226071755271
20192,서비스업,마포구,208295805484
20192,서비스업,서대문구,142898105995
20192,서비스업,서초구,195098739413
20192,서비스업,성동구,131708585210
20192,서비스업,성북구,216857601384
20192,서비스업,송파구,303949867122
20192,서비스업,양천구,198133918155
20192,서비스업,영등포구,190744545864
20192,서비스업,용산구,105744021459
20192,서비스업,은평구,232020319287
20192,서비스업,종로구,57696121185
20192,서비스업,중구,59383436652
20192,서비스업,중랑구,230610561602
20192,판매업,강남구,1158945621104
20192,판매업,강동구,483814662891
20192,판매업,강북구,421216760843
20192,판매업,강서구,564911982279
20192,판매업,관악구,672711977464
20192,판매업,광진구,502986556199
20192,판매업,구로구,454458740961
20192,판매업,금천구,729759707432
20192,판매업,노원구,204968487151
20192,판매업,도봉구,284503943083
20192,판매업,동대문구,828635209693
20192,판매업,동작구,376698521526
20192,판매업,마포구,541762982158
20192,판매업,서대문구,329238164896
20192,판매업,서초구,489875649811
20192,판매업,성동구,407887827505
20192,판매업,성북구,353790483927
20192,판매업,송파구,603522240208
20192,판매업,양천구,290551030423
20192,판매업,영등포구,936275771913
20192,판매업,용산구,877019759238
20192,판매업,은평구,461429061369
20192,판매업,종로구,348555838611
20192,판매업,중구,311730903653
20192,판매업,중랑구,590929908557
20193,요식업,강남구,573058228756
20193,요식업,강동구,279677094085
20193,요식업,강북구,220701107420
20193,요식업,강서구,320731356286
20193,요식업,관악구,343544915050
20193,요식업,광진구,284086933014
20193,요식업,구로구,197983792846
20193,요식업,금천구,169356684455
20193,요식업,노원구,183542375085
20193,요식업,도봉구,114876605349
20193,요식업,동대문구,273773500201
20193,요식업,동작구,242032370341
20193,요식업,마포구,365007141640
20193,요식업,서대문구,237150733362
20193,요식업,서초구,243744591637
20193,요식업,성동구,192163613689
20193,요식업,성북구,273883152148
20193,요식업,송파구,320903159355
20193,요식업,양천구,157735499013
20193,요식업,영등포구,307435536263
20193,요식업,용산구,362288316975
20193,요식업,은평구,254246876767
20193,요식업,종로구,206838311229
20193,요식업,중구,148911176322
20193,요식업,중랑구,306703349454
20193,서비스업,강남구,493907478674
20193,서비스업,강동구,243382303830
20193,서비스업,강북구,184752327643
20193,서비스업,강서구,305681607535
20193,서비스업,관악구,318324537532
20193,서비스업,광진구,218656140024
20193,서비스업,구로구,179872846145
20193,서비스업,금천구,149829262123
20193,서비스업,노원구,105147333470
20193,서비스업,도봉구,122292578442
20193,서비스업,동대문구,181694875746
20193,서비스업,동작구,219647372331
20193,서비스업,마포구,208753660075
20193,서비스업,서대문구,142047785375
20193,서비스업,서초구,201059855925
20193,서비스업,성동구,126161655544
20193,서비스업,성북구,218442573943
20193,서비스업,송파구,299260547903
20193,서비스업,양천구,203857817903
20193,서비스업,영등포구,190310063561
20193,서비스업,용산구,104560101103
20193,서비스업,은평구,235317105858
20193,서비스업,종로구,58661786682
20193,서비스업,중구,59968356556
20193,서비스업,중랑구,235275003963
20193,판매업,강남구,1167166310085
20193,판매업,강동구,483503500470
20193,판매업,강북구,405163391076
20193,판매업,강서구,558860716936
20193,판매업,관악구,641251983443
20193,판매업,광진구,518929318838
20193,판매업,구로구,487036109098
20193,판매업,금천구,872339987186
20193,판매업,노원구,198627434048
20193,판매업,도봉구,303815183774
20193,판매업,동대문구,852116498893
20193,판매업,동작구,393056644200
20193,판매업,마포구,525445237687
20193,판매업,서대문구,341363177398
20193,판매업,서초구,443983269084
20193,판매업,성동구,408652017465
20193,판매업,성북구,341532292506
20193,판매업,송파구,621066980678
20193,판매업,양천구,282979124874
20193,판매업,영등포구,984334298463
20193,판매업,용산구,854744598253
20193,판매업,은평구,452198827993
20193,판매업,종로구,348362110380
20193,판매업,중구,308500740400
20193,판매업,중랑구,605332810396
20194,요식업,강남구,619937000024
20194,요식업,강동구,300614647935
20194,요식업,강북구,234293218795
20194,요식업,강서구,345675934206
20194,요식업,관악구,372327711536
20194,요식업,광진구,316990389870
20194,요식업,구로구,209233595844
20194,요식업,금천구,178759029014
20194,요식업,노원구,202503973464
20194,요식업,도봉구,122107998480
20194,요식업,동대문구,305462595783
20194,요식업,동작구,268533245630
20194,요식업,마포구,414205861585
20194,요식업,서대문구,265603397253
20194,요식업,서초구,270891363634
20194,요식업,성동구,214688380168
20194,요식업,성북구,307754632586
20194,요식업,송파구,344759380925
20194,요식업,양천구,165376661782
20194,요식업,영등포구,336395995117
20194,요식업,용산구,407292432979
20194,요식업,은평구,271013046550
20194,요식업,종로구,237230343570
20194,요식업,중구,166070962665
20194,요식업,중랑구,324567398972
20194,서비스업,강남구,496326860082
20194,서비스업,강동구,252018803576
20194,서비스업,강북구,196534357607
20194,서비스업,강서구,328112121877
20194,서비스업,관악구,343297558204
20194,서비스업,광진구,234123981473
20194,서비스업,구로구,192865057696
20194,서비스업,금천구,163949092584
20194,서비스업,노원구,115567779582
20194,서비스업,도봉구,129493001006
20194,서비스업,동대문구,198234978678
20194,서비스업,동작구,234923062229
20194,서비스업,마포구,228761182003
20194,서비스업,서대문구,151119139209
20194,서비스업,서초구,213633123949
20194,서비스업,성동구,138035119325
20194,서비스업,성북구,236425134781
20194,서비스업,송파구,321674693959
20194,서비스업,양천구,210620437791
20194,서비스업,영등포구,212870569772
20194,서비스업,용산구,116343978450
20194,서비스업,은평구,248626809666
20194,서비스업,종로구,61321006123
20194,서비스업,중구,62295459587
20194,서비스업,중랑구,258088552363
20194,판매업,강남구,1273171454544
20194,판매업,강동구,525899330163
20194,판매업,강북구,446209664592
20194,판매업,강서구,586435128263
20194,판매업,관악구,690773917230
20194,판매업,광진구,585485537784
20194,판매업,구로구,482591089926
20194,판매업,금천구,837337697735
20194,판매업,노원구,210510420530
20194,판매업,도봉구,306234980983
20194,판매업,동대문구,958140096827
20194,판매업,동작구,393955085016
20194,판매업,마포구,549862914463
20194,판매업,서대문구,365625286629
20194,판매업,서초구,513594909161
20194,판매업,성동구,460715965178
20194,판매업,성북구,362484792447
20194,판매업,송파구,647287589392
20194,판매업,양천구,309762679148
20194,판매업,영등포구,924873896507
20194,판매업,용산구,948274870161
20194,판매업,은평구,478514847229
20194,판매업,종로구,399628611088
20194,판매업,중구,352246595490
20194,판매업,중랑구,645247713798
20201,요식업,강남구,529576400582
20201,요식업,강동구,275666735065
20201,요식업,강북구,210540086979
20201,요식업,강서구,304939214423
20201,요식업,관악구,326498557195
20201,요식업,광진구,265751507066
20201,요식업,구로구,173095287056
20201,요식업,금천구,152176779376
20201,요식업,노원구,174421506204
20201,요식업,도봉구,110021325709
20201,요식업,동대문구,253048567395
20201,요식업,동작구,222110110206
20201,요식업,마포구,352765517469
20201,요식업,서대문구,221897693933
20201,요식업,서초구,229694401634
20201,요식업,성동구,183731469988
20201,요식업,성북구,248048865955
20201,요식업,송파구,297688214505
20201,요식업,양천구,148417797127
20201,요식업,영등포구,273733300972
20201,요식업,용산구,325093399442
20201,요식업,은평구,243667305672
20201,요식업,종로구,178217084787
20201,요식업,중구,134273398502
20201,요식업,중랑구,291731750787
20201,서비스업,강남구,462299076745
20201,서비스업,강동구,231130996221
20201,서비스업,강북구,172855975075
20201,서비스업,강서구,307446784837
20201,서비스업,관악구,302248506997
20201,서비스업,광진구,211716453483
20201,서비스업,구로구,161986665179
20201,서비스업,금천구,139130379570
20201,서비스업,노원구,101353779980
20201,서비스업,도봉구,111557466044
20201,서비스업,동대문구,166590754704
20201,서비스업,동작구,214544074933
20201,서비스업,마포구,197735335785
20201,서비스업,서대문구,136028863929
20201,서비스업,서초구,188607611143
20201,서비스업,성동구,120097172810
20201,서비스업,성북구,203032680917
20201,서비스업,송파구,282871702603
20201,서비스업,양천구,187322925097
20201,서비스업,영등포구,177221927658
20201,서비스업,용산구,98876342433
20201,서비스업,은평구,234444403335
20201,서비스업,종로구,52662220401
20201,서비스업,중구,54319140555
20201,서비스업,중랑구,223411519540
20201,판매업,강남구,1090643803814
20201,판매업,강동구,520116508196
20201,판매업,강북구,413077645096
20201,판매업,강서구,604399868002
20201,판매업,관악구,613645258338
20201,판매업,광진구,541942425360
20201,판매업,구로구,450056299618
20201,판매업,금천구,923025079678
20201,판매업,노원구,206658114185
20201,판매업,도봉구,302531193317
20201,판매업,동대문구,882520309073
20201,판매업,동작구,422025562634
20201,판매업,마포구,503742819163
20201,판매업,서대문구,353363358848
20201,판매업,서초구,471756343125
20201,판매업,성동구,393878252021
20201,판매업,성북구,351426504313
20201,판매업,송파구,625510399096
20201,판매업,양천구,296261032679
20201,판매업,영등포구,963128010704
20201,판매업,용산구,823902007900
20201,판매업,은평구,467457117833
20201,판매업,종로구,316281923758
20201,판매업,중구,279122362412
20201,판매업,중랑구,619710169280
20202,요식업,강남구,570682769306
20202,요식업,강동구,297744045745
20202,요식업,강북구,234278646520
20202,요식업,강서구,326534173233
20202,요식업,관악구,353354769710
20202,요식업,광진구,292027991070
20202,요식업,구로구,193281592014
20202,요식업,금천구,169307675014
20202,요식업,노원구,196610453670
20202,요식업,도봉구,125099442408
20202,요식업,동대문구,282273119280
20202,요식업,동작구,240696365324
20202,요식업,마포구,377104522608
20202,요식업,서대문구,240017425417
20202,요식업,서초구,250919615683
20202,요식업,성동구,207537573755
20202,요식업,성북구,288935970608
20202,요식업,송파구,336190345313
20202,요식업,양천구,168659731234
20202,요식업,영등포구,305994008365
20202,요식업,용산구,299530130807
20202,요식업,은평구,278750895428
20202,요식업,종로구,200270571936
20202,요식업,중구,149349330227
20202,요식업,중랑구,328918650718
20202,서비스업,강남구,490198903345
20202,서비스업,강동구,249222536179
20202,서비스업,강북구,184514210112
20202,서비스업,강서구,318839144396
20202,서비스업,관악구,320651819771
20202,서비스업,광진구,221263636663
20202,서비스업,구로구,167925853686
20202,서비스업,금천구,152154636070
20202,서비스업,노원구,105655546148
20202,서비스업,도봉구,121896900287
20202,서비스업,동대문구,186238731769
20202,서비스업,동작구,221277342682
20202,서비스업,마포구,212738220927
20202,서비스업,서대문구,147286648333
20202,서비스업,서초구,204895979913
20202,서비스업,성동구,127407968069
20202,서비스업,성북구,207897182358
20202,서비스업,송파구,312618180558
20202,서비스업,양천구,197847879792
20202,서비스업,영등포구,191951239533
20202,서비스업,용산구,103439743632
20202,서비스업,은평구,253796929445
20202,서비스업,종로구,53657483787
20202,서비스업,중구,59067062263
20202,서비스업,중랑구,236048794074
20202,판매업,강남구,1139028124500
20202,판매업,강동구,599604509923
20202,판매업,강북구,481673237519
20202,판매업,강서구,652704912143
20202,판매업,관악구,703801237567
20202,판매업,광진구,612832771726
20202,판매업,구로구,509068033049
20202,판매업,금천구,877531968156
20202,판매업,노원구,236083546341
20202,판매업,도봉구,335456046981
20202,판매업,동대문구,1021616922774
20202,판매업,동작구,444393232095
20202,판매업,마포구,553612714707
20202,판매업,서대문구,392996034263
20202,판매업,서초구,476823343377
20202,판매업,성동구,417870209949
20202,판매업,성북구,397945263549
20202,판매업,송파구,703745271109
20202,판매업,양천구,334871783877
20202,판매업,영등포구,997679828814
20202,판매업,용산구,814629026567
20202,판매업,은평구,531231206322
20202,판매업,종로구,328579272383
20202,판매업,중구,317524722599
20202,판매업,중랑구,688589452474
20203,요식업,강남구,568713977522
20203,요식업,강동구,283551296004
20203,요식업,강북구,220157148807
20203,요식업,강서구,310023377744
20203,요식업,관악구,338921541722
20203,요식업,광진구,273659218980
20203,요식업,구로구,193130951943
20203,요식업,금천구,163201551952
20203,요식업,노원구,184781412786
20203,요식업,도봉구,117447253301
20203,요식업,동대문구,267475753825
20203,요식업,동작구,231206854922
20203,요식업,마포구,366746104222
20203,요식업,서대문구,230701329435
20203,요식업,서초구,244466141840
20203,요식업,성동구,202089252090
20203,요식업,성북구,263293721945
20203,요식업,송파구,329246418068
20203,요식업,양천구,162686186910
20203,요식업,영등포구,305693805926
20203,요식업,용산구,307620972654
20203,요식업,은평구,263888231969
20203,요식업,종로구,193291295617
20203,요식업,중구,143703117115
20203,요식업,중랑구,318160483722
20203,서비스업,강남구,508805865257
20203,서비스업,강동구,245128425112
20203,서비스업,강북구,181228640649
20203,서비스업,강서구,317280266083
20203,서비스업,관악구,314918862251
20203,서비스업,광진구,215656512280
20203,서비스업,구로구,173274594172
20203,서비스업,금천구,149571546257
20203,서비스업,노원구,102656477421
20203,서비스업,도봉구,117587114278
20203,서비스업,동대문구,188391224394
20203,서비스업,동작구,223545619475
20203,서비스업,마포구,211285226001
20203,서비스업,서대문구,143684919442
20203,서비스업,서초구,215895862153
20203,서비스업,성동구,127627424093
20203,서비스업,성북구,210168099806
20203,서비스업,송파구,317273919909
20203,서비스업,양천구,201485198361
20203,서비스업,영등포구,191105585339
20203,서비스업,용산구,107991874699
20203,서비스업,은평구,248139138437
20203,서비스업,종로구,59054135467
20203,서비스업,중구,57101945557
20203,서비스업,중랑구,239342130627
20203,판매업,강남구,1173358372471
20203,판매업,강동구,554155925755
20203,판매업,강북구,460067263520
20203,판매업,강서구,633640713903
20203,판매업,관악구,659581975952
20203,판매업,광진구,577677524003
20203,판매업,구로구,488538298437
20203,판매업,금천구,974465040091
20203,판매업,노원구,221532081262
20203,판매업,도봉구,339277040299
20203,판매업,동대문구,1031200555126
20203,판매업,동작구,434612444991
20203,판매업,마포구,567757640662
20203,판매업,서대문구,384236721748
20203,판매업,서초구,443536901974
20203,판매업,성동구,385595758248
20203,판매업,성북구,367777952142
20203,판매업,송파구,672102515444
20203,판매업,양천구,315169308110
20203,판매업,영등포구,1087266254526
20203,판매업,용산구,747817033423
20203,판매업,은평구,513854120290
20203,판매업,종로구,286836625736
20203,판매업,중구,289949257935
20203,판매업,중랑구,665645763663
20204,요식업,강남구,533242279024
20204,요식업,강동구,267247234801
20204,요식업,강북구,202949789167
20204,요식업,강서구,282080784723
20204,요식업,관악구,310761991573
20204,요식업,광진구,262511595760
20204,요식업,구로구,182639280508
20204,요식업,금천구,152071789457
20204,요식업,노원구,174067747323
20204,요식업,도봉구,109272437797
20204,요식업,동대문구,246527784013
20204,요식업,동작구,211528189816
20204,요식업,마포구,343938665516
20204,요식업,서대문구,217389260080
20204,요식업,서초구,233599408979
20204,요식업,성동구,190262733650
20204,요식업,성북구,243740745860
20204,요식업,송파구,304779034777
20204,요식업,양천구,148078177832
20204,요식업,영등포구,285554617981
20204,요식업,용산구,293906810589
20204,요식업,은평구,244913137422
20204,요식업,종로구,190178587240
20204,요식업,중구,141352679358
20204,요식업,중랑구,294490653952
20204,서비스업,강남구,492310922631
20204,서비스업,강동구,241651361078
20204,서비스업,강북구,184581632306
20204,서비스업,강서구,307695689709
20204,서비스업,관악구,304909338910
20204,서비스업,광진구,218727573661
20204,서비스업,구로구,172173147673
20204,서비스업,금천구,153278242851
20204,서비스업,노원구,102222913304
20204,서비스업,도봉구,119598381617
20204,서비스업,동대문구,182832110741
20204,서비스업,동작구,217691991097
20204,서비스업,마포구,210917927476
20204,서비스업,서대문구,144234454900
20204,서비스업,서초구,205955890506
20204,서비스업,성동구,123097791928
20204,서비스업,성북구,214632626524
20204,서비스업,송파구,311954213536
20204,서비스업,양천구,200625279073
20204,서비스업,영등포구,193522116040
20204,서비스업,용산구,107521004932
20204,서비스업,은평구,254070045770
20204,서비스업,종로구,62325013986
20204,서비스업,중구,56578935058
20204,서비스업,중랑구,239377181713
20204,판매업,강남구,1267950363532
20204,판매업,강동구,559045374618
20204,판매업,강북구,464016221413
20204,판매업,강서구,637562032548
20204,판매업,관악구,665513755736
20204,판매업,광진구,591246636036
20204,판매업,구로구,553303323013
20204,판매업,금천구,889350354382
20204,판매업,노원구,229394555584
20204,판매업,도봉구,349044426097
20204,판매업,동대문구,1005108642451
20204,판매업,동작구,438862016330
20204,판매업,마포구,568360653552
20204,판매업,서대문구,384727463326
20204,판매업,서초구,471954465470
20204,판매업,성동구,422235041381
20204,판매업,성북구,388081079591
20204,판매업,송파구,682149965059
20204,판매업,양천구,317452895832
20204,판매업,영등포구,1010661308551
20204,판매업,용산구,802683852230
20204,판매업,은평구,509442878918
20204,판매업,종로구,338280243795
20204,판매업,중구,295486063880
20204,판매업,중랑구,660200985943
20211,요식업,강남구,498303393388
20211,요식업,강동구,247462629216
20211,요식업,강북구,179224239615
20211,요식업,강서구,251797451841
20211,요식업,관악구,278354222794
20211,요식업,광진구,229203462220
20211,요식업,구로구,168004431573
20211,요식업,금천구,138217258296
20211,요식업,노원구,152485944947
20211,요식업,도봉구,102393174827
20211,요식업,동대문구,224423673207
20211,요식업,동작구,193008505196
20211,요식업,마포구,327020263019
20211,요식업,서대문구,197869627673
20211,요식업,서초구,223519409966
20211,요식업,성동구,178337545869
20211,요식업,성북구,220750444740
20211,요식업,송파구,281636307310
20211,요식업,양천구,133228272684
20211,요식업,영등포구,264056407216
20211,요식업,용산구,263867413223
20211,요식업,은평구,218008336674
20211,요식업,종로구,177889490883
20211,요식업,중구,127628338384
20211,요식업,중랑구,267794371668
20211,서비스업,강남구,531443054143
20211,서비스업,강동구,239617314508
20211,서비스업,강북구,172552031294
20211,서비스업,강서구,300027237907
20211,서비스업,관악구,305814309488
20211,서비스업,광진구,206367971697
20211,서비스업,구로구,164394750147
20211,서비스업,금천구,146042813468
20211,서비스업,노원구,102296146564
20211,서비스업,도봉구,113932934465
20211,서비스업,동대문구,180108421116
20211,서비스업,동작구,219629435971
20211,서비스업,마포구,215965138714
20211,서비스업,서대문구,141833019689
20211,서비스업,서초구,214395111650
20211,서비스업,성동구,118358165913
20211,서비스업,성북구,211562393714
20211,서비스업,송파구,314590405686
20211,서비스업,양천구,193956734727
20211,서비스업,영등포구,194922292990
20211,서비스업,용산구,102146929887
20211,서비스업,은평구,248226739986
20211,서비스업,종로구,59066534246
20211,서비스업,중구,56838905486
20211,서비스업,중랑구,227147542229
20211,판매업,강남구,1130264417191
20211,판매업,강동구,561972763452
20211,판매업,강북구,432983708911
20211,판매업,강서구,646151769330
20211,판매업,관악구,610352202692
20211,판매업,광진구,548662574367
20211,판매업,구로구,499519481576
20211,판매업,금천구,1005245657945
20211,판매업,노원구,223777267367
20211,판매업,도봉구,338367133701
20211,판매업,동대문구,1014426853367
20211,판매업,동작구,421293918071
20211,판매업,마포구,519986461441
20211,판매업,서대문구,366656800798
20211,판매업,서초구,459343630501
20211,판매업,성동구,376533722515
20211,판매업,성북구,357356404713
20211,판매업,송파구,675230797712
20211,판매업,양천구,315889740649
20211,판매업,영등포구,1009063580264
20211,판매업,용산구,663270646052
20211,판매업,은평구,480668352713
20211,판매업,종로구,324362200534
20211,판매업,중구,265085332146
20211,판매업,중랑구,639874862227
20212,요식업,강남구,605304196034
20212,요식업,강동구,288031461704
20212,요식업,강북구,217432729753
20212,요식업,강서구,300172411204
20212,요식업,관악구,336289373296
20212,요식업,광진구,276111585512
20212,요식업,구로구,203144070355
20212,요식업,금천구,165236225500
20212,요식업,노원구,188253591782
20212,요식업,도봉구,120025930329
20212,요식업,동대문구,269965609069
20212,요식업,동작구,240348185283
20212,요식업,마포구,406169926371
20212,요식업,서대문구,246587721840
20212,요식업,서초구,272500426845
20212,요식업,성동구,220696381648
20212,요식업,성북구,271142374855
20212,요식업,송파구,342473613069
20212,요식업,양천구,160671937397
20212,요식업,영등포구,324787243529
20212,요식업,용산구,348836675747
20212,요식업,은평구,257031002985
20212,요식업,종로구,228655108711
20212,요식업,중구,157007834211
20212,요식업,중랑구,321080132067
20212,서비스업,강남구,556536640218
20212,서비스업,강동구,262981000110
20212,서비스업,강북구,189108094984
20212,서비스업,강서구,331395008900
20212,서비스업,관악구,351307405956
20212,서비스업,광진구,228457394726
20212,서비스업,구로구,187415125985
20212,서비스업,금천구,159676393868
20212,서비스업,노원구,117517482460
20212,서비스업,도봉구,129467605434
20212,서비스업,동대문구,196595503885
20212,서비스업,동작구,238056764382
20212,서비스업,마포구,235517858502
20212,서비스업,서대문구,158513013347
20212,서비스업,서초구,231662424380
20212,서비스업,성동구,135508633487
20212,서비스업,성북구,230977543097
20212,서비스업,송파구,352264639929
20212,서비스업,양천구,217559417912
20212,서비스업,영등포구,217001675483
20212,서비스업,용산구,110018090197
20212,서비스업,은평구,264698044306
20212,서비스업,종로구,69763174926
20212,서비스업,중구,64062130556
20212,서비스업,중랑구,260861237243
20212,판매업,강남구,1202555973294
20212,판매업,강동구,599529186594
20212,판매업,강북구,458688607581
20212,판매업,강서구,668486685353
20212,판매업,관악구,685586188872
20212,판매업,광진구,578585547146
20212,판매업,구로구,544673473928
20212,판매업,금천구,904248271345
20212,판매업,노원구,229801144067
20212,판매업,도봉구,349225966022
20212,판매업,동대문구,1046444339483
20212,판매업,동작구,433834563627
20212,판매업,마포구,587177433500
20212,판매업,서대문구,391787404653
20212,판매업,서초구,497995090515
20212,판매업,성동구,409640915570
20212,판매업,성북구,390639474067
20212,판매업,송파구,705030298593
20212,판매업,양천구,334436622919
20212,판매업,영등포구,1037513827601
20212,판매업,용산구,712156735286
20212,판매업,은평구,528019486060
20212,판매업,종로구,331879432578
20212,판매업,중구,298580782391
20212,판매업,중랑구,697329626587
20213,요식업,강남구,517203503525
20213,요식업,강동구,274577156936
20213,요식업,강북구,209042524145
20213,요식업,강서구,282621543308
20213,요식업,관악구,312617835266
20213,요식업,광진구,250529055735
20213,요식업,구로구,186501979875
20213,요식업,금천구,151627296695
20213,요식업,노원구,169945984874
20213,요식업,도봉구,118948967079
20213,요식업,동대문구,247765101323
20213,요식업,동작구,219387808042
20213,요식업,마포구,352017826774
20213,요식업,서대문구,219607039333
20213,요식업,서초구,238189066770
20213,요식업,성동구,194221717628
20213,요식업,성북구,252133162912
20213,요식업,송파구,314768391101
20213,요식업,양천구,152040317155
20213,요식업,영등포구,290254629756
20213,요식업,용산구,294472611085
20213,요식업,은평구,243684610887
20213,요식업,종로구,198771331191
20213,요식업,중구,138451128451
20213,요식업,중랑구,302793992913
20213,서비스업,강남구,594266272595
20213,서비스업,강동구,261446166255
20213,서비스업,강북구,190117300724
20213,서비스업,강서구,324974316950
20213,서비스업,관악구,331429896858
20213,서비스업,광진구,227471316333
20213,서비스업,구로구,175805680362
20213,서비스업,금천구,159740592210
20213,서비스업,노원구,111144703571
20213,서비스업,도봉구,123189635137
20213,서비스업,동대문구,189460527637
20213,서비스업,동작구,239216558689
20213,서비스업,마포구,241662948378
20213,서비스업,서대문구,158128772604
20213,서비스업,서초구,225902476084
20213,서비스업,성동구,126366436246
20213,서비스업,성북구,238276249822
20213,서비스업,송파구,352182209124
20213,서비스업,양천구,223483224036
20213,서비스업,영등포구,211077711221
20213,서비스업,용산구,106781453821
20213,서비스업,은평구,256947393345
20213,서비스업,종로구,64398097536
20213,서비스업,중구,61418627169
20213,서비스업,중랑구,251777133623
20213,판매업,강남구,1196846194076
20213,판매업,강동구,612086401459
20213,판매업,강북구,483592844236
20213,판매업,강서구,708577825219
20213,판매업,관악구,682487589663
20213,판매업,광진구,582343201130
20213,판매업,구로구,565632460013
20213,판매업,금천구,1052804130287
20213,판매업,노원구,254564399368
20213,판매업,도봉구,371871630608
20213,판매업,동대문구,1205199695566
20213,판매업,동작구,465305169974
20213,판매업,마포구,595168640179
20213,판매업,서대문구,415060167184
20213,판매업,서초구,499744301761
20213,판매업,성동구,413380190850
20213,판매업,성북구,401659535636
20213,판매업,송파구,703266983383
20213,판매업,양천구,355550717965
20213,판매업,영등포구,1149643923524
20213,판매업,용산구,715521463973
20213,판매업,은평구,552320760650
20213,판매업,종로구,327506478828
20213,판매업,중구,291694314934
20213,판매업,중랑구,749463597685
20214,요식업,강남구,701338432506
20214,요식업,강동구,326868882968
20214,요식업,강북구,249189139912
20214,요식업,강서구,342693098193
20214,요식업,관악구,388466610809
20214,요식업,광진구,319640509604
20214,요식업,구로구,220729934354
20214,요식업,금천구,184969232586
20214,요식업,노원구,207795336004
20214,요식업,도봉구,134426064058
20214,요식업,동대문구,295596037479
20214,요식업,동작구,268181433048
20214,요식업,마포구,463130573255
20214,요식업,서대문구,273732061945
20214,요식업,서초구,297731752479
20214,요식업,성동구,248041960237
20214,요식업,성북구,307428913742
20214,요식업,송파구,385562312792
20214,요식업,양천구,180768267890
20214,요식업,영등포구,359628987090
20214,요식업,용산구,422935339941
20214,요식업,은평구,289795347967
20214,요식업,종로구,264498506684
20214,요식업,중구,176756117353
20214,요식업,중랑구,353152926047
20214,서비스업,강남구,614383220309
20214,서비스업,강동구,283002484714
20214,서비스업,강북구,211640380797
20214,서비스업,강서구,357033268968
20214,서비스업,관악구,355251140856
20214,서비스업,광진구,249678388607
20214,서비스업,구로구,199580705312
20214,서비스업,금천구,181513799077
20214,서비스업,노원구,128832716575
20214,서비스업,도봉구,138309179674
20214,서비스업,동대문구,204477233200
20214,서비스업,동작구,251029413787
20214,서비스업,마포구,265506483282
20214,서비스업,서대문구,176509458273
20214,서비스업,서초구,254557049637
20214,서비스업,성동구,139060460365
20214,서비스업,성북구,259577408952
20214,서비스업,송파구,365928224800
20214,서비스업,양천구,238316249504
20214,서비스업,영등포구,231157866531
20214,서비스업,용산구,115357276008
20214,서비스업,은평구,281454250585
20214,서비스업,종로구,70168928331
20214,서비스업,중구,67730228013
20214,서비스업,중랑구,281076580595
20214,판매업,강남구,1321618607946
20214,판매업,강동구,619523943079
20214,판매업,강북구,507756600415
20214,판매업,강서구,707810472416
20214,판매업,관악구,738506846016
20214,판매업,광진구,652401210778
20214,판매업,구로구,552788200568
20214,판매업,금천구,1053779422551
20214,판매업,노원구,253184329524
20214,판매업,도봉구,383633216624
20214,판매업,동대문구,1222322141156
20214,판매업,동작구,456886564770
20214,판매업,마포구,661800975807
20214,판매업,서대문구,438048400039
20214,판매업,서초구,524027195940
20214,판매업,성동구,441970352500
20214,판매업,성북구,426910263916
20214,판매업,송파구,764414385101
20214,판매업,양천구,344316042563
20214,판매업,영등포구,1101299063532
20214,판매업,용산구,813234139374
20214,판매업,은평구,556280919035
20214,판매업,종로구,396460415723
20214,판매업,중구,330024837894
20214,판매업,중랑구,738109494782
20221,요식업,강남구,593888234085
20221,요식업,강동구,284391060040
20221,요식업,강북구,220913564641
20221,요식업,강서구,305038224393
20221,요식업,관악구,336846058162
20221,요식업,광진구,279361105901
20221,요식업,구로구,192670104313
20221,요식업,금천구,159027103446
20221,요식업,노원구,181144525437
20221,요식업,도봉구,118357509478
20221,요식업,동대문구,262135121086
20221,요식업,동작구,227680657181
20221,요식업,마포구,393894985735
20221,요식업,서대문구,235910030648
20221,요식업,서초구,249900745879
20221,요식업,성동구,217915196162
20221,요식업,성북구,266143410448
20221,요식업,송파구,336930718907
20221,요식업,양천구,159448102557
20221,요식업,영등포구,313923336755
20221,요식업,용산구,342989214932
20221,요식업,은평구,257036845636
20221,요식업,종로구,224943141947
20221,요식업,중구,154453612688
20221,요식업,중랑구,307561196021
20221,서비스업,강남구,627509673019
20221,서비스업,강동구,264355389760
20221,서비스업,강북구,196377036272
20221,서비스업,강서구,335128155414
20221,서비스업,관악구,327331148621
20221,서비스업,광진구,225752702180
20221,서비스업,구로구,182786492215
20221,서비스업,금천구,155591289546
20221,서비스업,노원구,117829229667
20221,서비스업,도봉구,122462252633
20221,서비스업,동대문구,187929026278
20221,서비스업,동작구,237924774344
20221,서비스업,마포구,241399349779
20221,서비스업,서대문구,161430766846
20221,서비스업,서초구,243963462465
20221,서비스업,성동구,126795000098
20221,서비스업,성북구,238851474378
20221,서비스업,송파구,353715120772
20221,서비스업,양천구,226294868824
20221,서비스업,영등포구,214763372565
20221,서비스업,용산구,107557612777
20221,서비스업,은평구,255742414307
20221,서비스업,종로구,64371160454
20221,서비스업,중구,62907304355
20221,서비스업,중랑구,247280161502
20221,판매업,강남구,1236081103047
20221,판매업,강동구,603488759686
20221,판매업,강북구,479866724673
20221,판매업,강서구,703069786111
20221,판매업,관악구,690226540113
20221,판매업,광진구,597813980661
20221,판매업,구로구,538941119075
20221,판매업,금천구,1080917203541
20221,판매업,노원구,248936395384
20221,판매업,도봉구,366126080553
20221,판매업,동대문구,1139340650767
20221,판매업,동작구,460054133263
20221,판매업,마포구,606491729685
20221,판매업,서대문구,399343880895
20221,판매업,서초구,511495378399
20221,판매업,성동구,429145863289
20221,판매업,성북구,403045936775
20221,판매업,송파구,728820513353
20221,판매업,양천구,348408381838
20221,판매업,영등포구,1115808560120
20221,판매업,용산구,770900036963
20221,판매업,은평구,532967316129
20221,판매업,종로구,331770364773
20221,판매업,중구,305714909138
20221,판매업,중랑구,712794736647
20222,요식업,강남구,824218185050
20222,요식업,강동구,384985437265
20222,요식업,강북구,313894019010
20222,요식업,강서구,422980520867
20222,요식업,관악구,471111822101
20222,요식업,광진구,395107445081
20222,요식업,구로구,258180670313
20222,요식업,금천구,217861948442
20222,요식업,노원구,261617929799
20222,요식업,도봉구,158162567533
20222,요식업,동대문구,362237523094
20222,요식업,동작구,311876075621
20222,요식업,마포구,547004486876
20222,요식업,서대문구,330467905192
20222,요식업,서초구,348116131596
20222,요식업,성동구,303088368806
20222,요식업,성북구,379349899751
20222,요식업,송파구,462396559797
20222,요식업,양천구,221225871541
20222,요식업,영등포구,434770092512
20222,요식업,용산구,554623787915
20222,요식업,은평구,346997930089
20222,요식업,종로구,328355423543
20222,요식업,중구,212243148211
20222,요식업,중랑구,421870852719
20222,서비스업,강남구,641842492986
20222,서비스업,강동구,296431774222
20222,서비스업,강북구,224961628516
20222,서비스업,강서구,381052225679
20222,서비스업,관악구,377406281972
20222,서비스업,광진구,271401673109
20222,서비스업,구로구,207693291402
20222,서비스업,금천구,179599663853
20222,서비스업,노원구,137405035594
20222,서비스업,도봉구,142339919150
20222,서비스업,동대문구,214088730669
20222,서비스업,동작구,261989925588
20222,서비스업,마포구,272927193916
20222,서비스업,서대문구,181782757114
20222,서비스업,서초구,273175686884
20222,서비스업,성동구,151016365357
20222,서비스업,성북구,284797530708
20222,서비스업,송파구,393451402588
20222,서비스업,양천구,266404508366
20222,서비스업,영등포구,250387017330
20222,서비스업,용산구,117743399657
20222,서비스업,은평구,291327555397
20222,서비스업,종로구,71706570769
20222,서비스업,중구,71751936505
20222,서비스업,중랑구,285707144284
20222,판매업,강남구,1251407361566
20222,판매업,강동구,623032090642
20222,판매업,강북구,512732173475
20222,판매업,강서구,700139093404
20222,판매업,관악구,735460325750
20222,판매업,광진구,613952238471
20222,판매업,구로구,542822094656
20222,판매업,금천구,944565583891
20222,판매업,노원구,239512682999
20222,판매업,도봉구,364931292395
20222,판매업,동대문구,1180660816387
20222,판매업,동작구,462434483503
20222,판매업,마포구,659273662341
20222,판매업,서대문구,422217541363
20222,판매업,서초구,528252109039
20222,판매업,성동구,450248373965
20222,판매업,성북구,429421664262
20222,판매업,송파구,754690457401
20222,판매업,양천구,366966472053
20222,판매업,영등포구,1130893108767
20222,판매업,용산구,696689148303
20222,판매업,은평구,546968030710
20222,판매업,종로구,405428508785
20222,판매업,중구,329559915634
20222,판매업,중랑구,742110131977
20223,요식업,강남구,848509135799
20223,요식업,강동구,396703764608
20223,요식업,강북구,315245153866
20223,요식업,강서구,425586260173
20223,요식업,관악구,480212300411
20223,요식업,광진구,394424215792
20223,요식업,구로구,265348545567
20223,요식업,금천구,222129576320
20223,요식업,노원구,261611731542
20223,요식업,도봉구,163110636009
20223,요식업,동대문구,362049796846
20223,요식업,동작구,312004320956
20223,요식업,마포구,551009606331
20223,요식업,서대문구,329035934748
20223,요식업,서초구,339406950687
20223,요식업,성동구,296384385296
20223,요식업,성북구,377840981885
20223,요식업,송파구,461129288808
20223,요식업,양천구,224202830437
20223,요식업,영등포구,439310619180
20223,요식업,용산구,547625406414
20223,요식업,은평구,351292597998
20223,요식업,종로구,314260068362
20223,요식업,중구,212256162543
20223,요식업,중랑구,420612328003
20223,서비스업,강남구,674873386539
20223,서비스업,강동구,297150355389
20223,서비스업,강북구,227883173487
20223,서비스업,강서구,378376364034
20223,서비스업,관악구,376645969175
20223,서비스업,광진구,271514257160
20223,서비스업,구로구,208948445398
20223,서비스업,금천구,194182526785
20223,서비스업,노원구,132366090699
20223,서비스업,도봉구,146747140438
20223,서비스업,동대문구,217650928393
20223,서비스업,동작구,274096114976
20223,서비스업,마포구,287149789632
20223,서비스업,서대문구,194319320736
20223,서비스업,서초구,277797999122
20223,서비스업,성동구,155041886332
20223,서비스업,성북구,286498546990
20223,서비스업,송파구,399989447098
20223,서비스업,양천구,272776244846
20223,서비스업,영등포구,249093887180
20223,서비스업,용산구,117397361080
20223,서비스업,은평구,298201879723
20223,서비스업,종로구,68751494019
20223,서비스업,중구,74323519943
20223,서비스업,중랑구,285923644358
20223,판매업,강남구,1233469995791
20223,판매업,강동구,642394311833
20223,판매업,강북구,532687493050
20223,판매업,강서구,723864385260
20223,판매업,관악구,722112667601
20223,판매업,광진구,612166375349
20223,판매업,구로구,577488669965
20223,판매업,금천구,1061120164929
20223,판매업,노원구,252241276029
20223,판매업,도봉구,373913072528
20223,판매업,동대문구,1279120018820
20223,판매업,동작구,471947499222
20223,판매업,마포구,681749915775
20223,판매업,서대문구,432751111759
20223,판매업,서초구,535307055930
20223,판매업,성동구,447903298111
20223,판매업,성북구,442312219675
20223,판매업,송파구,725413954191
20223,판매업,양천구,381463538272
20223,판매업,영등포구,1215859326820
20223,판매업,용산구,741980814014
20223,판매업,은평구,547733630180
20223,판매업,종로구,381179593776
20223,판매업,중구,330119970304
20223,판매업,중랑구,749555702151
20224,요식업,강남구,905377748813
20224,요식업,강동구,409223191206
20224,요식업,강북구,330459756165
20224,요식업,강서구,446839637405
20224,요식업,관악구,510754302477
20224,요식업,광진구,423498017400
20224,요식업,구로구,279744429603
20224,요식업,금천구,236530466614
20224,요식업,노원구,279441656633
20224,요식업,도봉구,169239364812
20224,요식업,동대문구,391826528996
20224,요식업,동작구,339610977701
20224,요식업,마포구,598571924586
20224,요식업,서대문구,359946163507
20224,요식업,서초구,369390127668
20224,요식업,성동구,328907383077
20224,요식업,성북구,407804009494
20224,요식업,송파구,501221663709
20224,요식업,양천구,227308532829
20224,요식업,영등포구,469522659196
20224,요식업,용산구,522434152509
20224,요식업,은평구,368301571096
20224,요식업,종로구,353478407362
20224,요식업,중구,230164311915
20224,요식업,중랑구,443496776914
20224,서비스업,강남구,661116983256
20224,서비스업,강동구,305365062605
20224,서비스업,강북구,233440639909
20224,서비스업,강서구,392876958862
20224,서비스업,관악구,385103900872
20224,서비스업,광진구,281199581544
20224,서비스업,구로구,222144395307
20224,서비스업,금천구,196941540289
20224,서비스업,노원구,141382196678
20224,서비스업,도봉구,152596208835
20224,서비스업,동대문구,222875586987
20224,서비스업,동작구,281635902324
20224,서비스업,마포구,289689720362
20224,서비스업,서대문구,199784109683
20224,서비스업,서초구,282661580451
20224,서비스업,성동구,162289311327
20224,서비스업,성북구,293194050314
20224,서비스업,송파구,426666843213
20224,서비스업,양천구,273124091498
20224,서비스업,영등포구,258595274963
20224,서비스업,용산구,120587813109
20224,서비스업,은평구,302853956833
20224,서비스업,종로구,72295123151
20224,서비스업,중구,74007721146
20224,서비스업,중랑구,299324291225
20224,판매업,강남구,1353642390194
20224,판매업,강동구,656079137803
20224,판매업,강북구,549679515568
20224,판매업,강서구,748902361044
20224,판매업,관악구,759460248778
20224,판매업,광진구,631380291620
20224,판매업,구로구,606425680650
20224,판매업,금천구,1070997468511
20224,판매업,노원구,264039038236
20224,판매업,도봉구,387751001290
20224,판매업,동대문구,1276510641491
20224,판매업,동작구,471437108941
20224,판매업,마포구,694535423963
20224,판매업,서대문구,462567408215
20224,판매업,서초구,517715021320
20224,판매업,성동구,551265939175
20224,판매업,성북구,461634061389
20224,판매업,송파구,756067982165
20224,판매업,양천구,389671877490
20224,판매업,영등포구,1141822865516
20224,판매업,용산구,728041760961
20224,판매업,은평구,555001239333
20224,판매업,종로구,462560731309
20224,판매업,중구,353461531587
20224,판매업,중랑구,753467885528
20231,요식업,강남구,883404177414
20231,요식업,강동구,396014701083
20231,요식업,강북구,313540574546
20231,요식업,강서구,433169350183
20231,요식업,관악구,489638831577
20231,요식업,광진구,403457242284
20231,요식업,구로구,276408167665
20231,요식업,금천구,227923722133
20231,요식업,노원구,265988709927
20231,요식업,도봉구,167255134353
20231,요식업,동대문구,369290856253
20231,요식업,동작구,323414123542
20231,요식업,마포구,563667505494
20231,요식업,서대문구,337839520116
20231,요식업,서초구,354722424756
20231,요식업,성동구,310406132049
20231,요식업,성북구,378543400245
20231,요식업,송파구,481839286033
20231,요식업,양천구,223575777346
20231,요식업,영등포구,457076643061
20231,요식업,용산구,478216633583
20231,요식업,은평구,363195025624
20231,요식업,종로구,321589313784
20231,요식업,중구,216609378030
20231,요식업,중랑구,428080225038
20231,서비스업,강남구,721064444861
20231,서비스업,강동구,310812688892
20231,서비스업,강북구,239460030719
20231,서비스업,강서구,399008492648
20231,서비스업,관악구,389644512441
20231,서비스업,광진구,276911721956
20231,서비스업,구로구,223616649251
20231,서비스업,금천구,192725426570
20231,서비스업,노원구,136108837002
20231,서비스업,도봉구,150870856454
20231,서비스업,동대문구,223684601320
20231,서비스업,동작구,282418473723
20231,서비스업,마포구,281174177258
20231,서비스업,서대문구,202767082352
20231,서비스업,서초구,300160921753
20231,서비스업,성동구,159108535987
20231,서비스업,성북구,292962774078
20231,서비스업,송파구,429711534680
20231,서비스업,양천구,277642071256
20231,서비스업,영등포구,259032860007
20231,서비스업,용산구,117452633458
20231,서비스업,은평구,305994637956
20231,서비스업,종로구,74781156715
20231,서비스업,중구,78614115758
20231,서비스업,중랑구,293786363096
20231,판매업,강남구,1175858905932
20231,판매업,강동구,613679346203
20231,판매업,강북구,509033501135
20231,판매업,강서구,754770744233
20231,판매업,관악구,713678452555
20231,판매업,광진구,611444686367
20231,판매업,구로구,559174951316
20231,판매업,금천구,1064498233889
20231,판매업,노원구,266964581485
20231,판매업,도봉구,367665592247
20231,판매업,동대문구,1279570474523
20231,판매업,동작구,478471460219
20231,판매업,마포구,646559292352
20231,판매업,서대문구,446873026309
20231,판매업,서초구,534646729728
20231,판매업,성동구,545301964241
20231,판매업,성북구,445182268152
20231,판매업,송파구,728909463860
20231,판매업,양천구,371050342246
20231,판매업,영등포구,1163646717481
20231,판매업,용산구,656738798165
20231,판매업,은평구,551732038469
20231,판매업,종로구,394598374907
20231,판매업,중구,342869037848
20231,판매업,중랑구,745673750495
20232,요식업,강남구,871648888618
20232,요식업,강동구,420174151294
20232,요식업,강북구,336295563462
20232,요식업,강서구,458516172367
20232,요식업,관악구,515701536650
20232,요식업,광진구,431904145430
20232,요식업,구로구,293338586589
20232,요식업,금천구,239808548692
20232,요식업,노원구,289442375523
20232,요식업,도봉구,185038789400
20232,요식업,동대문구,405648161568
20232,요식업,동작구,347630823600
20232,요식업,마포구,585541657536
20232,요식업,서대문구,363403220279
20232,요식업,서초구,368055171009
20232,요식업,성동구,325552814097
20232,요식업,성북구,418195689760
20232,요식업,송파구,507773976321
20232,요식업,양천구,241860350522
20232,요식업,영등포구,478168183649
20232,요식업,용산구,529622946884
20232,요식업,은평구,388302838576
20232,요식업,종로구,351143314172
20232,요식업,중구,237561730743
20232,요식업,중랑구,472292038029
20232,서비스업,강남구,702023858808
20232,서비스업,강동구,325654561955
20232,서비스업,강북구,243773597242
20232,서비스업,강서구,413720904305
20232,서비스업,관악구,409140176245
20232,서비스업,광진구,295808123293
20232,서비스업,구로구,242257762379
20232,서비스업,금천구,204309792782
20232,서비스업,노원구,148664231528
20232,서비스업,도봉구,155547704374
20232,서비스업,동대문구,239338572376
20232,서비스업,동작구,293559327269
20232,서비스업,마포구,298298335249
20232,서비스업,서대문구,213287601473
20232,서비스업,서초구,315597263175
20232,서비스업,성동구,170114788858
20232,서비스업,성북구,311093916386
20232,서비스업,송파구,442555843536
20232,서비스업,양천구,281229498253
20232,서비스업,영등포구,267570154114
20232,서비스업,용산구,115228315333
20232,서비스업,은평구,313065825479
20232,서비스업,종로구,80406458031
20232,서비스업,중구,82041768373
20232,서비스업,중랑구,305895508051
20232,판매업,강남구,1192157643306
20232,판매업,강동구,631666870772
20232,판매업,강북구,532865415224
20232,판매업,강서구,755430319042
20232,판매업,관악구,730769792345
20232,판매업,광진구,643390849578
20232,판매업,구로구,600123855704
20232,판매업,금천구,934021498465
20232,판매업,노원구,276905026351
20232,판매업,도봉구,378806986210
20232,판매업,동대문구,1357841053065
20232,판매업,동작구,506007430423
20232,판매업,마포구,667610186982
20232,판매업,서대문구,486763059027
20232,판매업,서초구,560553153609
20232,판매업,성동구,543853752867
20232,판매업,성북구,461871518921
20232,판매업,송파구,769212217373
20232,판매업,양천구,391347473060
20232,판매업,영등포구,1149073490077
20232,판매업,용산구,740121592416
20232,판매업,은평구,591644962665
20232,판매업,종로구,425045807478
20232,판매업,중구,352990231838
20232,판매업,중랑구,805692760681
20233,요식업,강남구,854789883017
20233,요식업,강동구,419344395521
20233,요식업,강북구,333451359139
20233,요식업,강서구,454430568805
20233,요식업,관악구,492729513697
20233,요식업,광진구,412169822890
20233,요식업,구로구,288257952142
20233,요식업,금천구,234232991513
20233,요식업,노원구,280760997424
20233,요식업,도봉구,184595265157
20233,요식업,동대문구,376860705715
20233,요식업,동작구,337062250685
20233,요식업,마포구,568356306060
20233,요식업,서대문구,347630670380
20233,요식업,서초구,351100566816
20233,요식업,성동구,314064712771
20233,요식업,성북구,392204949596
20233,요식업,송파구,478633459154
20233,요식업,양천구,237923501502
20233,요식업,영등포구,468460810686
20233,요식업,용산구,509177465874
20233,요식업,은평구,381517767347
20233,요식업,종로구,321745687943
20233,요식업,중구,226492824495
20233,요식업,중랑구,455318590759
20233,서비스업,강남구,732715251561
20233,서비스업,강동구,313974314374
20233,서비스업,강북구,241901072918
20233,서비스업,강서구,400792837241
20233,서비스업,관악구,393860230293
20233,서비스업,광진구,292478161988
20233,서비스업,구로구,239102112562
20233,서비스업,금천구,199556542165
20233,서비스업,노원구,154595780831
20233,서비스업,도봉구,157332609876
20233,서비스업,동대문구,237229230133
20233,서비스업,동작구,286735517148
20233,서비스업,마포구,307978554867
20233,서비스업,서대문구,221061726114
20233,서비스업,서초구,304794833217
20233,서비스업,성동구,160110470681
20233,서비스업,성북구,304536211506
20233,서비스업,송파구,438600991799
20233,서비스업,양천구,282988081007
20233,서비스업,영등포구,263699003920
20233,서비스업,용산구,115069536740
20233,서비스업,은평구,310277884348
20233,서비스업,종로구,77334831811
20233,서비스업,중구,81484153114
20233,서비스업,중랑구,309637583243
20233,판매업,강남구,1201903264614
20233,판매업,강동구,627349745257
20233,판매업,강북구,544762888394
20233,판매업,강서구,757339289814
20233,판매업,관악구,682832646838
20233,판매업,광진구,646099470280
20233,판매업,구로구,591400215160
20233,판매업,금천구,1072248051330
20233,판매업,노원구,276102193299
20233,판매업,도봉구,380848235326
20233,판매업,동대문구,1395716396623
20233,판매업,동작구,497980385368
20233,판매업,마포구,699634182307
20233,판매업,서대문구,526894902722
20233,판매업,서초구,520993763897
20233,판매업,성동구,539068785183
20233,판매업,성북구,446797022651
20233,판매업,송파구,746179585720
20233,판매업,양천구,397572804914
20233,판매업,영등포구,1185831800534
20233,판매업,용산구,719979342381
20233,판매업,은평구,589802609380
20233,판매업,종로구,382053307729
20233,판매업,중구,357980872970
20233,판매업,중랑구,722672807625
20234,요식업,강남구,854469303210
20234,요식업,강동구,395211822218
20234,요식업,강북구,326187054453
20234,요식업,강서구,441483168586
20234,요식업,관악구,484797237502
20234,요식업,광진구,410815665065
20234,요식업,구로구,283027146221
20234,요식업,금천구,224862956129
20234,요식업,노원구,277814996866
20234,요식업,도봉구,175889547822
20234,요식업,동대문구,378083468487
20234,요식업,동작구,339765778841
20234,요식업,마포구,577732874244
20234,요식업,서대문구,347085806845
20234,요식업,서초구,359826995629
20234,요식업,성동구,320515240602
20234,요식업,성북구,396792296820
20234,요식업,송파구,476305609058
20234,요식업,양천구,226533210414
20234,요식업,영등포구,461641686271
20234,요식업,용산구,519973696565
20234,요식업,은평구,366737786922
20234,요식업,종로구,345568558549
20234,요식업,중구,232386771964
20234,요식업,중랑구,434383193619
20234,서비스업,강남구,713429628490
20234,서비스업,강동구,319149661823
20234,서비스업,강북구,234245426210
20234,서비스업,강서구,422178211850
20234,서비스업,관악구,404737529447
20234,서비스업,광진구,285806537855
20234,서비스업,구로구,247136091110
20234,서비스업,금천구,202505718720
20234,서비스업,노원구,157421721554
20234,서비스업,도봉구,166123711414
20234,서비스업,동대문구,236715466337
20234,서비스업,동작구,292152128758
20234,서비스업,마포구,308768059356
20234,서비스업,서대문구,224733011956
20234,서비스업,서초구,300782217860
20234,서비스업,성동구,167160168036
20234,서비스업,성북구,313416482399
20234,서비스업,송파구,451466272300
20234,서비스업,양천구,279478008476
20234,서비스업,영등포구,272561201831
20234,서비스업,용산구,122014560798
20234,서비스업,은평구,310029432949
20234,서비스업,종로구,81988345621
20234,서비스업,중구,83564877512
20234,서비스업,중랑구,311151920363
20234,판매업,강남구,1307107775659
20234,판매업,강동구,604291303993
20234,판매업,강북구,540960032759
20234,판매업,강서구,749496176677
20234,판매업,관악구,678700155685
20234,판매업,광진구,637370253687
20234,판매업,구로구,623383198833
20234,판매업,금천구,963025533690
20234,판매업,노원구,272287880649
20234,판매업,도봉구,397189555615
20234,판매업,동대문구,1420278937632
20234,판매업,동작구,470023372383
20234,판매업,마포구,679240927396
20234,판매업,서대문구,483728825336
20234,판매업,서초구,528860458413
20234,판매업,성동구,567025171770
20234,판매업,성북구,448100749970
20234,판매업,송파구,755952574031
20234,판매업,양천구,380222309091
20234,판매업,영등포구,1119886731450
20234,판매업,용산구,721567466430
20234,판매업,은평구,569409425477
20234,판매업,종로구,402883204824
20234,판매업,중구,363490683516
20234,판매업,중랑구,706008626361
